"customer_id","age","gender","subscription_type","watch_hours","last_login_days","region","device","monthly_fees","churned","payment_method","number_of_profiles","avg_watch_time_per_day","favorite_genre"
"49a5dfd9-7e69-4022-a6ad-0a1b9767fb5b",47,"Other","Standard","0.7",19,"Europe","Mobile","13.99",1,"Gift Card",5,"0.03","Sci-Fi"
"d3c72c38-631b-4f9e-8a0e-de103cad1a7d",53,"Other","Premium","4.51",12,"Oceania","TV","17.99",1,"Crypto",2,"0.35","Horror"
"4e265c34-103a-4dbb-9553-76c9aa47e946",56,"Other","Standard","1.89",13,"Africa","Mobile","13.99",1,"Crypto",2,"0.13","Action"
"eae6439e-8cdf-4258-ab49-c493925b927a",32,"Other","Premium","2.22",34,"Europe","TV","17.99",1,"Debit Card",1,"0.06","Drama"
"bf48551e-a8e6-4fd9-bb32-3f798ed84680",46,"Other","Premium","1.25",13,"Europe","Tablet","17.99",1,"Debit Card",3,"0.09","Comedy"
"8c2d377b-f6ec-44b5-ae08-3660c4358a93",30,"Other","Premium","1.37",55,"North America","Mobile","17.99",1,"Debit Card",1,"0.02","Horror"
"c39a5943-fe7c-46ec-8d3c-2a24ab46733b",67,"Male","Standard","3.05",29,"Oceania","Tablet","13.99",1,"PayPal",1,"0.1","Drama"
"c8648f0f-0b92-4445-a3a7-5c48711cbc07",57,"Male","Premium","0.97",32,"South America","Mobile","17.99",1,"Gift Card",2,"0.03","Comedy"
"20529e32-d3e7-4cfc-8210-b6468cdbe2a4",55,"Other","Premium","3.86",25,"Europe","Tablet","17.99",1,"PayPal",3,"0.15","Action"
"2117b36a-9e3e-4077-ac5b-03540bb38461",49,"Male","Standard","4.22",50,"Oceania","Desktop","13.99",1,"Gift Card",2,"0.08","Comedy"
"854b2bfd-6773-413f-b385-02338fa3a316",31,"Female","Standard","2.23",39,"North America","Mobile","13.99",1,"Debit Card",5,"0.06","Drama"
"d1593b1d-ef59-4d4a-a169-5ff338b8baef",60,"Male","Standard","3.01",30,"Asia","Desktop","13.99",1,"Gift Card",3,"0.1","Documentary"
"a2eab47c-dc4c-427f-88f8-755051b303fb",51,"Female","Premium","3.7",37,"South America","Mobile","17.99",1,"Credit Card",2,"0.1","Horror"
"af9b0f0d-9532-48f2-ad24-bf41faa164a6",55,"Other","Standard","2.89",37,"North America","Desktop","13.99",1,"Debit Card",4,"0.08","Action"
"da57899f-77b4-4b23-bcab-700db438f6d1",43,"Female","Premium","2.5",33,"Europe","TV","17.99",1,"Credit Card",3,"0.07","Action"
"4c7d404a-ebd5-4881-9fb5-302ad47f2fb8",31,"Male","Standard","1.77",34,"Europe","TV","13.99",1,"PayPal",3,"0.05","Sci-Fi"
"005b6afc-cff9-432f-ae0e-265d9acb5a59",63,"Other","Premium","3.39",57,"South America","Mobile","17.99",1,"PayPal",4,"0.06","Sci-Fi"
"52aa9ac1-8625-4421-8d2c-3ed00cf83389",60,"Male","Premium","3.29",20,"Asia","Mobile","17.99",1,"Debit Card",2,"0.16","Drama"
"ce40f5f8-42ee-44e2-b754-bd3a626cf48d",61,"Female","Standard","4.52",21,"Europe","Tablet","13.99",1,"Crypto",2,"0.21","Drama"
"f1e8f248-727d-47f5-92da-d6f7610cfc5b",55,"Female","Premium","1.66",54,"Oceania","TV","17.99",1,"PayPal",4,"0.03","Drama"
"1cb5c1a8-8724-4edc-8255-06b1152f5dea",64,"Female","Premium","4.42",17,"South America","Laptop","17.99",1,"Crypto",3,"0.25","Horror"
"6d9e258d-3110-475f-ac1c-1eba0f56b7e8",19,"Male","Basic","3.89",33,"North America","Mobile","8.99",1,"Credit Card",1,"0.11","Romance"
"a9661b26-d812-406e-a1e2-58f640879a0a",20,"Other","Premium","3.4",33,"Africa","Tablet","17.99",1,"Crypto",5,"0.1","Drama"
"747d7b40-97b1-4207-923c-72d5c3e65343",50,"Female","Standard","3.58",54,"Europe","Tablet","13.99",1,"Credit Card",4,"0.07","Romance"
"cd2fbe59-0226-47ac-83f9-3aad8fdd9fd1",31,"Other","Premium","2.81",39,"Europe","Desktop","17.99",1,"Credit Card",5,"0.07","Horror"
"fa19687b-872c-4163-a900-59f1b4098ed9",49,"Female","Basic","2.9",46,"Asia","Mobile","8.99",1,"Debit Card",2,"0.06","Horror"
"f2d0a49a-a99d-440c-8495-66a3e2e4d7f9",22,"Other","Basic","2.93",27,"Asia","TV","8.99",1,"Gift Card",2,"0.1","Sci-Fi"
"f5a0302a-6df7-4cad-b563-199ad2af75da",35,"Male","Basic","4.58",42,"South America","Tablet","8.99",1,"Credit Card",4,"0.11","Romance"
"4891e3c6-f53b-45af-ad62-12572f687302",70,"Other","Basic","1.28",52,"Asia","Mobile","8.99",1,"Credit Card",5,"0.02","Action"
"efe01bcd-e159-4494-a1d3-6e8432a0c269",33,"Male","Standard","2.86",30,"Europe","Tablet","13.99",1,"Gift Card",5,"0.09","Drama"
"552fb14c-c171-4f05-895a-61d49233686b",22,"Female","Basic","3.71",28,"Europe","TV","8.99",1,"Crypto",1,"0.13","Horror"
"99e08a07-d0de-46c9-997d-1fb9452bea46",29,"Male","Basic","1.7",43,"South America","Mobile","8.99",1,"Debit Card",5,"0.04","Horror"
"45291e8c-5116-4068-9168-545eecfaf691",67,"Female","Standard","1.02",20,"Europe","Laptop","13.99",1,"Gift Card",1,"0.05","Sci-Fi"
"00477256-578d-4abd-8ed8-3a5e75539e7a",53,"Female","Premium","1.36",35,"South America","Mobile","17.99",1,"Gift Card",2,"0.04","Romance"
"3b237337-1044-4e5d-a612-e1a9e5f6eb36",56,"Other","Premium","1.43",16,"Europe","Laptop","17.99",1,"Debit Card",2,"0.08","Action"
"33563d42-7f51-405c-8328-8cd881128656",54,"Male","Basic","3.13",16,"Oceania","TV","8.99",1,"Credit Card",5,"0.18","Drama"
"4949efaa-be29-41cc-a0ee-683eaa53f442",19,"Other","Basic","3.72",11,"Asia","Desktop","8.99",1,"Crypto",5,"0.31","Documentary"
"5945dc09-1b5b-4511-ac0d-20135699628e",34,"Male","Basic","1.89",59,"Asia","Tablet","8.99",1,"Credit Card",5,"0.03","Action"
"844f2522-32e3-4f44-a960-cd0c13881618",45,"Other","Basic","3.4",27,"North America","Laptop","8.99",1,"Crypto",3,"0.12","Sci-Fi"
"e8fda88a-2847-4cb4-b5a0-b7f0c3454405",67,"Other","Standard","3.29",25,"North America","Tablet","13.99",1,"Crypto",1,"0.13","Documentary"
"6735d050-2af6-4030-b34f-9687ab1a8914",33,"Male","Basic","2.27",20,"South America","Desktop","8.99",1,"Debit Card",3,"0.11","Romance"
"629a11d7-4bd9-4698-b40f-8638ffd900c7",24,"Female","Basic","2.42",56,"Europe","Tablet","8.99",1,"Crypto",3,"0.04","Comedy"
"76d56597-dfb2-4223-845f-b8ff46b00ccd",42,"Male","Premium","0.88",33,"Oceania","Laptop","17.99",1,"Credit Card",1,"0.03","Comedy"
"fd5c0b28-152d-47e2-bc46-c8db8eb99985",27,"Other","Premium","4.57",24,"Africa","Laptop","17.99",1,"Gift Card",4,"0.18","Documentary"
"a8582720-4d1c-4377-8be1-a414bc51938d",70,"Other","Basic","2.24",50,"Europe","Laptop","8.99",1,"PayPal",5,"0.04","Documentary"
"9141433d-3463-435d-9b27-87d08766f03d",30,"Female","Premium","3.61",43,"Africa","Tablet","17.99",1,"PayPal",4,"0.08","Comedy"
"9945eeb5-7747-4c17-a171-35bfde1b29ff",34,"Female","Standard","3.85",55,"South America","Desktop","13.99",1,"Gift Card",3,"0.07","Romance"
"e3e9c377-2cb7-4ec4-a85a-f59b9e6f298d",62,"Female","Basic","1.55",17,"South America","Tablet","8.99",1,"Debit Card",2,"0.09","Action"
"042c6d84-17fa-4c97-a537-dcc1ebfc9b19",20,"Female","Premium","4.57",17,"South America","Laptop","17.99",1,"Gift Card",1,"0.25","Comedy"
"31dab47e-d021-4d4b-8284-98460539ef0a",47,"Male","Standard","3.92",58,"Africa","Tablet","13.99",1,"PayPal",5,"0.07","Horror"
"c81ba12a-e438-42fc-9d0a-045fb8a0e87a",53,"Other","Premium","0.25",50,"Asia","Tablet","17.99",1,"PayPal",1,"0","Romance"
"65967ad4-dae6-45d3-9af8-3897eed4bdfb",56,"Female","Premium","2.39",21,"South America","Tablet","17.99",1,"Debit Card",2,"0.11","Comedy"
"2986574c-65fa-40e8-ae90-3c745b045804",42,"Other","Basic","2.6",50,"South America","Laptop","8.99",1,"Credit Card",4,"0.05","Romance"
"7ce062a1-89ad-45c1-a25a-0b3b4ee4ec72",47,"Other","Basic","0.39",48,"South America","Tablet","8.99",1,"PayPal",5,"0.01","Romance"
"0480261e-6011-440b-862c-17eb4d5f183f",54,"Other","Premium","0.56",30,"North America","Tablet","17.99",1,"Debit Card",2,"0.02","Horror"
"5af996e6-33fe-477d-a99e-1c10776fda79",56,"Other","Standard","1.95",28,"North America","Mobile","13.99",1,"Crypto",4,"0.07","Romance"
"a15b0804-4a6c-4410-b37f-a4986930e827",51,"Male","Basic","2.17",14,"Africa","Tablet","8.99",1,"Debit Card",3,"0.14","Horror"
"c9c2f14e-1e0f-467a-90f5-e8512a867bf1",36,"Female","Basic","3.58",14,"North America","Tablet","8.99",1,"PayPal",2,"0.24","Romance"
"a03703b4-96da-4fc9-ab23-dc087a013b7d",66,"Other","Standard","1.42",57,"Europe","Laptop","13.99",1,"Gift Card",3,"0.02","Drama"
"8e10ed31-6232-49d2-9def-3cb40206c216",42,"Female","Basic","2.98",29,"Asia","TV","8.99",1,"Crypto",4,"0.1","Comedy"
"2c8412ce-38b1-4edd-9a05-23df72e6ec65",34,"Female","Standard","0.68",42,"Africa","Desktop","13.99",1,"Crypto",2,"0.02","Comedy"
"06d02ff5-4241-48cf-88cd-83e965c477fa",49,"Other","Standard","2.26",31,"Europe","Laptop","13.99",1,"PayPal",5,"0.07","Comedy"
"59b1d940-2563-4884-9944-87129d5a5399",65,"Other","Standard","1.83",37,"Africa","Desktop","13.99",1,"Credit Card",1,"0.05","Comedy"
"a229903c-f733-4e37-8f53-26759271a27d",52,"Female","Standard","2.62",43,"South America","Mobile","13.99",1,"Gift Card",5,"0.06","Documentary"
"5b14b084-6bd2-4df4-b9c5-8839f9e9680a",68,"Female","Standard","2.7",35,"Asia","TV","13.99",1,"Debit Card",1,"0.08","Documentary"
"10e3667e-01b2-4340-8f1e-f6eca396f00c",52,"Other","Standard","1.79",38,"Africa","Mobile","13.99",1,"Credit Card",1,"0.05","Drama"
"ae95f50e-1e2f-4f65-874d-0b6bc9427707",33,"Female","Basic","0.14",37,"Europe","TV","8.99",1,"PayPal",5,"0","Sci-Fi"
"c92450d6-b3fa-47a1-82ac-ebbf6f022eac",37,"Male","Basic","4.84",25,"Africa","Laptop","8.99",1,"PayPal",5,"0.19","Action"
"075f3920-d7be-49de-b9a8-04ae797d2806",43,"Male","Basic","0.53",22,"Europe","TV","8.99",1,"PayPal",1,"0.02","Romance"
"258fb686-a114-48c9-b4d9-45d0e773064f",67,"Female","Basic","2.55",48,"Oceania","Laptop","8.99",1,"Gift Card",2,"0.05","Sci-Fi"
"af94b7ff-2542-4364-b5fb-a71e0250ef2d",67,"Male","Premium","1.04",17,"Europe","Mobile","17.99",1,"Gift Card",2,"0.06","Romance"
"77cf8860-f7d9-4320-a1eb-c06c6b3941db",35,"Male","Premium","1.95",52,"Africa","Tablet","17.99",1,"Credit Card",5,"0.04","Drama"
"8c0e6937-e5a5-4e4b-80e6-734497960ec4",61,"Female","Basic","1.21",31,"Europe","Tablet","8.99",1,"Crypto",3,"0.04","Drama"
"7b0bee97-a383-498d-a1d0-2de7c824ce74",30,"Female","Premium","3.55",45,"South America","Desktop","17.99",1,"Gift Card",3,"0.08","Romance"
"86ca5953-8687-4fd4-ad11-0d5d680458a8",63,"Other","Premium","0.3",12,"Asia","Laptop","17.99",1,"Credit Card",2,"0.02","Drama"
"0de32e81-bbd2-465d-a0bd-dc9981e9de95",51,"Male","Standard","2.56",53,"Oceania","Desktop","13.99",1,"PayPal",2,"0.05","Romance"
"d3d8842a-961b-4951-ad19-f2ce40f0bd6c",59,"Female","Standard","2.28",38,"Africa","Desktop","13.99",1,"PayPal",3,"0.06","Drama"
"251b46dc-0342-44cf-8868-ac80695ec9df",44,"Male","Standard","1.17",51,"South America","Tablet","13.99",1,"Credit Card",3,"0.02","Romance"
"314e27f7-020f-48a3-8914-5c0b51f67d00",27,"Male","Standard","0.39",32,"South America","Laptop","13.99",1,"Gift Card",4,"0.01","Action"
"505fa98f-6743-4996-abac-4dfadbf39cef",59,"Female","Basic","4.16",25,"Europe","Tablet","8.99",1,"Crypto",2,"0.16","Horror"
"51efc330-55c5-4b72-98ef-7bb6c3a82162",44,"Female","Premium","3.73",49,"Oceania","TV","17.99",1,"Credit Card",5,"0.07","Drama"
"318b785e-376e-47cc-bf21-95b314654f83",23,"Female","Standard","0.13",48,"Europe","Laptop","13.99",1,"Crypto",5,"0","Sci-Fi"
"330da1e1-f14f-48b1-a950-169e4c02303d",19,"Male","Basic","0.22",21,"Oceania","Mobile","8.99",1,"Debit Card",4,"0.01","Drama"
"ff0a52b7-4a72-4a00-b2b9-926f67c65a15",52,"Male","Basic","0.12",25,"South America","Mobile","8.99",1,"Gift Card",4,"0","Documentary"
"97b76db8-4504-438b-b561-4b8c8976c938",70,"Female","Premium","1.04",37,"South America","Tablet","17.99",1,"PayPal",2,"0.03","Horror"
"bb60c0f0-462a-411c-bd4a-be52a830f801",49,"Other","Premium","0.65",34,"South America","Laptop","17.99",1,"Credit Card",3,"0.02","Drama"
"2147d452-2d5c-4618-aaba-e7feb7d322f5",52,"Female","Basic","0.3",21,"Europe","Mobile","8.99",1,"Gift Card",2,"0.01","Horror"
"071580bb-2081-42f1-82d9-55d269964fed",70,"Female","Basic","3.99",24,"Africa","Laptop","8.99",1,"Gift Card",1,"0.16","Horror"
"2e7f0f39-fa6e-4eb0-92de-1ec80999427b",57,"Female","Premium","0.26",28,"Europe","Tablet","17.99",1,"Credit Card",2,"0.01","Action"
"2ef8917f-008f-4cda-ac07-1c700c111afd",24,"Other","Basic","3.02",21,"Asia","Tablet","8.99",1,"Gift Card",5,"0.14","Comedy"
"fbf6539b-a9e0-4443-8cd2-46cc1f1c7f81",56,"Other","Premium","1.65",30,"Africa","Mobile","17.99",1,"Gift Card",4,"0.05","Action"
"463e5585-9dae-4c85-94fd-dd5c15096551",49,"Male","Basic","2.89",16,"Oceania","Laptop","8.99",1,"Credit Card",5,"0.17","Drama"
"0c8b427b-4b17-4656-9664-805fd9d79d94",35,"Other","Standard","0.23",54,"Asia","Desktop","13.99",1,"Gift Card",5,"0","Drama"
"dba7977d-3e9b-444f-9130-e3cf2f18c821",65,"Other","Standard","0.4",48,"Europe","TV","13.99",1,"Gift Card",5,"0.01","Comedy"
"136dea6e-2ef8-4543-8646-3a53ecf58c37",64,"Male","Basic","4.74",39,"Europe","Mobile","8.99",1,"Crypto",3,"0.12","Action"
"5ce52697-adf6-410e-9fa4-136a826020d3",18,"Other","Basic","0.59",41,"Asia","Desktop","8.99",1,"Debit Card",5,"0.01","Horror"
"32fefe2e-b543-4afe-ad6e-c9a54d4b9a47",59,"Other","Basic","0.27",44,"North America","Laptop","8.99",1,"PayPal",5,"0.01","Drama"
"652a3ef0-a115-4f83-b5bf-451c62ada858",41,"Male","Premium","4.41",56,"Africa","TV","17.99",1,"Gift Card",2,"0.08","Horror"
"3fa39771-d81f-4b62-a45d-d864399ac4be",57,"Male","Standard","2.31",29,"Europe","Tablet","13.99",1,"Crypto",1,"0.08","Sci-Fi"
"95e16d3f-1437-48a6-878c-5684ef5f409a",46,"Female","Standard","0.71",26,"North America","Tablet","13.99",1,"Crypto",5,"0.03","Action"
"5f976666-0c51-493a-9924-14a17c615b89",31,"Other","Premium","2.47",33,"North America","Mobile","17.99",1,"PayPal",2,"0.07","Sci-Fi"
"efa03a02-4c30-4ef2-a7ea-5d5f76104688",65,"Male","Basic","4.2",54,"North America","Mobile","8.99",1,"Crypto",4,"0.08","Documentary"
"090c334f-63fc-4946-92ad-a588a7600d25",46,"Male","Premium","3.18",11,"North America","TV","17.99",1,"Crypto",4,"0.27","Sci-Fi"
"06a94eb2-a132-4bd9-8737-99c282f2fcc5",68,"Other","Premium","4.12",31,"Europe","TV","17.99",1,"Credit Card",5,"0.13","Drama"
"1abd56c9-1fde-473b-89cd-f9d78879fc10",45,"Male","Basic","4.59",47,"Asia","Laptop","8.99",1,"Gift Card",1,"0.1","Sci-Fi"
"d9b3c54f-401e-4ff5-83c5-66c369e26290",38,"Other","Premium","1.81",22,"Asia","Laptop","17.99",1,"Gift Card",4,"0.08","Action"
"dddfa932-69d3-48e0-81df-8c797829701a",70,"Other","Standard","4.69",32,"Asia","TV","13.99",1,"Debit Card",3,"0.14","Documentary"
"b54f35bd-04b4-4772-bccc-c0914906efd2",22,"Other","Standard","1.04",56,"Africa","Desktop","13.99",1,"PayPal",3,"0.02","Comedy"
"0e66bbc5-6d6d-400d-971e-7604323c6e5a",65,"Other","Basic","3.9",14,"Europe","Mobile","8.99",1,"Debit Card",4,"0.26","Sci-Fi"
"f0f6032f-1fbc-4115-822e-f85a80af44ba",61,"Male","Premium","0.42",51,"Europe","TV","17.99",1,"Gift Card",3,"0.01","Drama"
"e17a955b-011b-402a-9ee1-58470d595818",58,"Female","Basic","0.51",12,"Asia","Tablet","8.99",1,"PayPal",1,"0.04","Action"
"4af19fec-91fd-4307-897a-8820d828d965",33,"Other","Basic","3.84",28,"South America","Mobile","8.99",1,"Credit Card",3,"0.13","Horror"
"2741a884-1629-4cc1-aedb-dd2e1b24bdeb",24,"Female","Standard","0.02",35,"Africa","Tablet","13.99",1,"PayPal",3,"0","Documentary"
"1972b144-6f74-4774-87db-a6e90f56b0a3",70,"Female","Premium","0.36",15,"Oceania","TV","17.99",1,"Gift Card",5,"0.02","Sci-Fi"
"8db6b22f-a49a-49a2-a991-901b21d61905",65,"Other","Basic","1.05",51,"Africa","Mobile","8.99",1,"Gift Card",2,"0.02","Sci-Fi"
"6e8f06ec-bf9b-4aca-82c9-6dfbf5dc0d77",28,"Male","Standard","1.78",35,"South America","Mobile","13.99",1,"Debit Card",3,"0.05","Action"
"9d09dcf2-0456-4e2b-903f-b9e4ccb40654",32,"Male","Premium","4.11",45,"Asia","Laptop","17.99",1,"Credit Card",5,"0.09","Action"
"35f0abfa-dfe5-4081-ae01-cece7e233dd1",19,"Other","Premium","1.44",40,"South America","TV","17.99",1,"Gift Card",5,"0.04","Comedy"
"6bb3b410-ec41-4958-a6eb-a1109b526c2e",63,"Male","Basic","1.44",26,"Europe","Mobile","8.99",1,"Debit Card",1,"0.05","Documentary"
"52a46829-efc4-48f2-adbf-6a7da898af49",57,"Male","Standard","3.51",50,"Oceania","Laptop","13.99",1,"Credit Card",1,"0.07","Documentary"
"47e821d7-8960-4158-a530-812f1e4649a9",63,"Male","Basic","2.51",31,"Europe","Laptop","8.99",1,"Debit Card",3,"0.08","Comedy"
"9a51ecb7-e23d-429f-b479-95a6d35fc07d",32,"Female","Premium","1.8",32,"South America","Mobile","17.99",1,"PayPal",2,"0.05","Romance"
"eab381c2-b6d8-434b-bc0d-a8631c8c5dbe",66,"Other","Standard","0.76",44,"Europe","Tablet","13.99",1,"Gift Card",2,"0.02","Action"
"b3be52ce-4170-4eac-b249-af6b1475451f",20,"Other","Standard","0.52",29,"Asia","TV","13.99",1,"Debit Card",1,"0.02","Romance"
"2e50b30b-57f0-4ab7-8aa0-7d1c90049955",30,"Female","Basic","0.36",60,"Africa","Laptop","8.99",1,"Debit Card",3,"0.01","Drama"
"35634eef-1966-4d15-992c-7486e67a53c4",56,"Female","Basic","0.97",33,"Asia","Mobile","8.99",1,"Debit Card",4,"0.03","Horror"
"9fa9433e-9b38-4a44-9a82-5c6014630867",49,"Female","Basic","4.49",57,"South America","Tablet","8.99",1,"Crypto",5,"0.08","Documentary"
"f6655409-3486-469e-aa75-61a674188c36",32,"Male","Basic","3.87",32,"South America","TV","8.99",1,"Credit Card",2,"0.12","Drama"
"cc539484-c58e-4f2a-8d71-499afab22937",45,"Male","Premium","3.31",34,"Oceania","Tablet","17.99",1,"Gift Card",2,"0.09","Drama"
"d8127bf4-b7ea-4cf8-81ce-270df2f38163",20,"Female","Premium","4.39",33,"Oceania","Mobile","17.99",1,"Gift Card",1,"0.13","Horror"
"3a5bfad8-d098-4418-bdbb-d15c889a2389",63,"Female","Standard","1.33",29,"Asia","Laptop","13.99",1,"Credit Card",3,"0.04","Horror"
"e76c1166-9bcf-4959-a627-863f1c621434",61,"Other","Standard","4.08",35,"Oceania","Mobile","13.99",1,"Gift Card",3,"0.11","Sci-Fi"
"3ed28f9d-f5ec-4a13-afb8-d65fe7f58ab3",62,"Other","Premium","4.31",47,"Asia","Mobile","17.99",1,"Debit Card",5,"0.09","Action"
"14b07c0b-a32b-4f96-a236-6992f512fd8e",33,"Other","Premium","1.81",20,"North America","Tablet","17.99",1,"Crypto",2,"0.09","Comedy"
"a91bb5e4-a577-4365-8bc6-3a306dcc8dd0",61,"Other","Basic","0.65",24,"Oceania","Tablet","8.99",1,"Debit Card",5,"0.03","Horror"
"ed2e6d14-1ec8-4f3a-8a09-10311a97e7db",27,"Other","Premium","4.02",41,"South America","Mobile","17.99",1,"Credit Card",1,"0.1","Documentary"
"ab588e4b-6d23-4746-a5d3-2380dd359f2c",38,"Other","Basic","4.55",18,"Africa","TV","8.99",1,"Credit Card",5,"0.24","Drama"
"9c254e1c-5ae4-470d-9db9-79fd55092590",42,"Male","Basic","0.79",18,"South America","Laptop","8.99",1,"PayPal",4,"0.04","Action"
"1d65e890-ed62-468a-b0cd-153ad70cf2d4",49,"Female","Premium","4.26",40,"Africa","Mobile","17.99",1,"Credit Card",3,"0.1","Comedy"
"766eaa1d-56f8-441e-a9f0-e8626a5f4d40",58,"Other","Premium","1.05",58,"South America","Laptop","17.99",1,"Crypto",1,"0.02","Comedy"
"9086d806-dcb7-4c64-9714-765f6a0303c6",22,"Female","Premium","0.97",13,"Oceania","Laptop","17.99",1,"PayPal",2,"0.07","Action"
"0d6dae1e-d44c-425b-abf5-371bb1a033db",44,"Other","Premium","1.41",33,"South America","Laptop","17.99",1,"Credit Card",1,"0.04","Documentary"
"4f808be4-e7f6-424a-87e8-61497b1afee7",50,"Male","Basic","3.28",59,"Africa","Tablet","8.99",1,"Gift Card",3,"0.05","Documentary"
"ab429cc1-b1b1-4a7c-9a14-38212b83747d",69,"Female","Premium","3.94",38,"Oceania","Laptop","17.99",1,"PayPal",2,"0.1","Sci-Fi"
"ff95f3be-2385-4aca-b331-f385759179bb",50,"Male","Premium","4.27",50,"Asia","Mobile","17.99",1,"Credit Card",3,"0.08","Documentary"
"0b9e8972-a536-4e1c-8f0d-62e22d801f63",51,"Female","Basic","4.74",27,"Africa","Tablet","8.99",1,"PayPal",3,"0.17","Drama"
"e9bacc45-dde8-4b72-bfbc-2466280d785a",53,"Male","Premium","0.77",21,"South America","Laptop","17.99",1,"Crypto",3,"0.04","Sci-Fi"
"139a0e01-29df-48c9-bdad-fa7801585dea",31,"Female","Standard","0.96",55,"North America","Laptop","13.99",1,"Crypto",3,"0.02","Action"
"101e7c6b-4f18-42d0-9626-5f5fd3bbd2e7",62,"Female","Premium","4.34",45,"Africa","Desktop","17.99",1,"Gift Card",3,"0.09","Drama"
"7e292c54-b2c4-497a-b05b-00d61d2b824d",44,"Male","Premium","3.95",26,"Asia","Desktop","17.99",1,"Gift Card",4,"0.15","Action"
"ad9d7de3-a095-4576-931f-7e06480c9b78",45,"Male","Basic","2.73",27,"Asia","Mobile","8.99",1,"Debit Card",3,"0.1","Drama"
"916a5696-c195-4934-bddc-ef0b43ec800b",20,"Male","Basic","0.67",59,"North America","TV","8.99",1,"PayPal",4,"0.01","Horror"
"145a8f1f-3c7d-4dd1-b0d4-858bea81ce6f",42,"Other","Standard","0.68",50,"Africa","Mobile","13.99",1,"Gift Card",4,"0.01","Sci-Fi"
"f022ca06-c211-4695-9187-4a67a9f811da",53,"Other","Standard","0.07",50,"North America","Desktop","13.99",1,"PayPal",3,"0","Action"
"ee277a8f-6580-47ff-b15d-bd4c472f7c33",40,"Female","Standard","0.68",37,"Africa","Laptop","13.99",1,"Debit Card",3,"0.02","Horror"
"5db1bdfc-a507-4f07-baad-908aeb6de81a",57,"Other","Premium","0.97",52,"Africa","Desktop","17.99",1,"Credit Card",1,"0.02","Drama"
"ff81933a-fb48-42d3-9358-c1aba9255e95",68,"Female","Standard","0.34",41,"North America","Mobile","13.99",1,"PayPal",4,"0.01","Action"
"cd276040-08db-4333-90c5-7b14e4af20ae",69,"Other","Premium","0.74",48,"Oceania","Tablet","17.99",1,"PayPal",3,"0.02","Documentary"
"d012e665-05a5-454d-bc1c-4eb7f132dc77",64,"Male","Basic","1.02",16,"North America","TV","8.99",1,"Gift Card",4,"0.06","Sci-Fi"
"7c5015d6-cb4d-4738-9d1d-7f49dbee59c4",28,"Female","Basic","2.97",23,"Europe","Tablet","8.99",1,"Credit Card",5,"0.12","Romance"
"e2bb3e3f-6995-4d56-8ada-5b22730b7d50",48,"Other","Premium","0.71",24,"Africa","Mobile","17.99",1,"PayPal",2,"0.03","Sci-Fi"
"73e2fabe-cd9f-47cd-91c1-fa7d54a00851",53,"Female","Standard","1.49",14,"North America","Desktop","13.99",1,"Gift Card",2,"0.1","Action"
"e9c0dcf8-d2f5-45de-8296-71b278906386",42,"Other","Standard","1.11",14,"Oceania","Mobile","13.99",1,"Gift Card",2,"0.07","Drama"
"72bb60bf-c49d-4cc3-86c2-8cd3f6be1ce5",26,"Male","Standard","1.71",52,"Africa","Mobile","13.99",1,"Credit Card",2,"0.03","Drama"
"52ff69f9-64ce-456d-a1b9-2494c4b9bdc8",18,"Other","Standard","1.62",20,"Asia","Mobile","13.99",1,"Crypto",1,"0.08","Documentary"
"29a921ff-1567-4ba6-87c0-585ba15fcac7",39,"Female","Basic","1.28",45,"Africa","TV","8.99",1,"Gift Card",5,"0.03","Horror"
"d96a205c-59e2-44e0-a5f6-de58c25eb3b1",27,"Female","Standard","4.07",42,"North America","Desktop","13.99",1,"Crypto",5,"0.09","Drama"
"52b32e23-e4d9-4aa8-bdb6-3d8116bc98aa",48,"Female","Basic","0.23",37,"Europe","Mobile","8.99",1,"Credit Card",2,"0.01","Action"
"df17acd4-8698-461e-9cc7-1ac06d763fbc",47,"Male","Premium","3.88",53,"North America","Mobile","17.99",1,"Crypto",5,"0.07","Documentary"
"f19ee025-d5a8-41e3-9a40-78a71e473891",50,"Female","Standard","0.27",31,"South America","Tablet","13.99",1,"Crypto",1,"0.01","Romance"
"210b00a5-c07d-401b-8396-3eaba615e20f",56,"Female","Premium","2.98",39,"Europe","Laptop","17.99",1,"PayPal",3,"0.07","Comedy"
"00bcd65f-ca17-43af-b1a3-c0e310d52966",42,"Male","Standard","1.65",41,"Africa","Mobile","13.99",1,"PayPal",3,"0.04","Action"
"047cacb4-85d1-4fb9-82ef-e68ce12afd11",26,"Female","Standard","1.84",15,"Asia","Mobile","13.99",1,"Gift Card",5,"0.12","Action"
"1f80abbd-35a7-4d62-b292-d31fa23c9f5f",38,"Female","Basic","3.49",54,"Asia","Tablet","8.99",1,"PayPal",5,"0.06","Horror"
"19f66e59-f164-47f1-b788-4b1762db226b",36,"Female","Basic","0.99",24,"Africa","Laptop","8.99",1,"Debit Card",3,"0.04","Comedy"
"f7b78561-9d8b-4712-b3f3-238569b95f4b",47,"Male","Premium","1.57",39,"Oceania","Desktop","17.99",1,"Credit Card",5,"0.04","Horror"
"2bb0265f-8add-4083-aed9-1e94748be77b",27,"Other","Premium","0.69",39,"South America","Laptop","17.99",1,"Debit Card",5,"0.02","Sci-Fi"
"93460e1b-34b6-4586-8289-48a6f91e18fb",55,"Other","Standard","2.59",54,"Europe","Desktop","13.99",1,"Gift Card",3,"0.05","Sci-Fi"
"22cb4dd5-d158-4dd6-a49d-e8723fadc557",69,"Male","Premium","0.52",42,"South America","Desktop","17.99",1,"Gift Card",3,"0.01","Action"
"48a57226-1b00-4e56-b555-2cf66bc4b9a7",23,"Male","Standard","4.46",24,"Africa","Mobile","13.99",1,"Gift Card",3,"0.18","Documentary"
"3382730c-46bb-40d1-92de-55f346dda22a",26,"Male","Premium","3.24",57,"Europe","Tablet","17.99",1,"PayPal",3,"0.06","Sci-Fi"
"7d921bf8-61ef-4609-a46e-96d832d0d04e",52,"Male","Premium","2.73",45,"North America","TV","17.99",1,"Crypto",5,"0.06","Horror"
"f28413c0-e4fb-4469-a595-c23e39036e09",18,"Other","Basic","2.75",43,"Oceania","Laptop","8.99",1,"Gift Card",5,"0.06","Romance"
"395e2c15-2abb-4a29-8f8c-06118a5539e2",19,"Female","Standard","3.36",27,"North America","Laptop","13.99",1,"Debit Card",1,"0.12","Action"
"a756e8d5-a9c2-4520-8f06-1e13159bd0c0",66,"Other","Standard","0.77",36,"Africa","TV","13.99",1,"Crypto",4,"0.02","Drama"
"7514941b-007c-44ea-90ee-4ae0690f013d",56,"Male","Standard","2.95",52,"Europe","Tablet","13.99",1,"Gift Card",1,"0.06","Drama"
"c16c6ac0-11d2-496c-b9a3-2117f5d8e0db",62,"Male","Standard","3.02",16,"Europe","TV","13.99",1,"Debit Card",2,"0.18","Drama"
"34e13cb5-2657-4148-ac24-be078c809d92",67,"Female","Premium","2.02",52,"Oceania","Mobile","17.99",1,"PayPal",2,"0.04","Action"
"d89f54d3-882d-4cfc-96c5-b5f0ddbb9915",57,"Female","Premium","4.39",60,"North America","TV","17.99",1,"Crypto",3,"0.07","Horror"
"f76a2802-20d0-4772-b6cc-f7e2a95d6384",43,"Other","Basic","0.59",11,"Europe","Mobile","8.99",1,"Debit Card",3,"0.05","Drama"
"bd27bcd3-feaa-4a06-a98f-c4f3d61de505",66,"Other","Premium","1.85",57,"South America","Tablet","17.99",1,"Debit Card",3,"0.03","Action"
"bb3dc1e7-e1f4-4010-b227-3af57309c626",65,"Female","Standard","2.75",36,"Europe","Laptop","13.99",1,"PayPal",2,"0.07","Romance"
"99f7b4c6-5aea-49ad-b746-6e145c979d52",20,"Male","Basic","1.98",45,"North America","Desktop","8.99",1,"PayPal",4,"0.04","Romance"
"2726ac92-319f-4aac-bf5a-89ce36e291fe",39,"Male","Standard","1.97",53,"Asia","Mobile","13.99",1,"Debit Card",2,"0.04","Drama"
"f337bc34-f6bf-4cf4-a559-4b79ae8ec658",49,"Female","Premium","2.74",46,"Asia","TV","17.99",1,"Credit Card",5,"0.06","Horror"
"def12ba1-ee3f-4059-a620-05d7d523636c",53,"Female","Basic","4.01",49,"North America","Desktop","8.99",1,"Crypto",2,"0.08","Action"
"fc76c95d-6886-4993-bc12-adbfcd4cdac0",43,"Other","Premium","4.17",46,"South America","Mobile","17.99",1,"Credit Card",1,"0.09","Comedy"
"021af9d9-2fff-4a33-b2c4-710ad6f3f85c",64,"Other","Basic","4.8",46,"Oceania","Laptop","8.99",1,"Credit Card",1,"0.1","Romance"
"5f63adf1-cf70-4f07-8351-63fe77c15857",50,"Male","Standard","4.17",44,"Oceania","Tablet","13.99",1,"Gift Card",1,"0.09","Documentary"
"70b0ba0c-2333-4ae5-9860-ec22b91ffc93",61,"Other","Standard","3.49",23,"North America","Laptop","13.99",1,"Debit Card",1,"0.15","Romance"
"a36c6729-b90c-4514-92d8-4a98a66bfff4",43,"Male","Premium","4.17",24,"South America","Laptop","17.99",1,"Crypto",4,"0.17","Romance"
"0146854f-d5a1-4ee7-a28c-69b5af885934",26,"Female","Standard","3.82",14,"South America","TV","13.99",1,"Crypto",2,"0.25","Drama"
"5736a841-06be-4e91-a475-fdeae4dbb161",49,"Male","Standard","4.67",48,"North America","Laptop","13.99",1,"Debit Card",5,"0.1","Horror"
"534f289f-35c5-4314-973b-1b0c9ed473db",23,"Male","Basic","4.64",55,"Europe","TV","8.99",1,"Credit Card",1,"0.08","Documentary"
"16359306-8225-4f9c-a0f6-446f18067c00",62,"Female","Premium","1.12",43,"Asia","TV","17.99",1,"Gift Card",4,"0.03","Comedy"
"46e95e2c-14c7-45ef-a0a8-b5f76f9e5d75",58,"Female","Basic","3.57",20,"North America","Laptop","8.99",1,"Gift Card",2,"0.17","Documentary"
"64485bba-7db6-4f9a-a22b-5cfec1cd2ee2",33,"Female","Premium","2.2",40,"South America","Desktop","17.99",1,"Gift Card",4,"0.05","Documentary"
"b88b733e-5ac8-46f5-9137-05b8f9e59898",57,"Male","Standard","0.15",39,"Africa","Tablet","13.99",1,"Debit Card",3,"0","Comedy"
"57e7b754-6ed5-43f6-804d-140bef82a2d7",66,"Female","Basic","0.27",40,"Africa","Laptop","8.99",1,"Credit Card",1,"0.01","Sci-Fi"
"c6ac02c8-fe12-46b3-a1ae-fd7f7ba481f9",50,"Other","Premium","0.32",35,"Europe","Desktop","17.99",1,"Debit Card",2,"0.01","Comedy"
"a3a126f7-1a28-4a66-9a60-6a60f8411e89",23,"Female","Standard","2.28",46,"Oceania","Tablet","13.99",1,"PayPal",1,"0.05","Horror"
"b985d6de-295a-4ecd-9353-4e9357c6c9dc",68,"Other","Premium","1.66",42,"North America","Mobile","17.99",1,"Gift Card",4,"0.04","Documentary"
"b8f85415-9ec9-4b9b-be60-a88f1b6ecbdd",23,"Other","Basic","4.01",27,"Asia","Tablet","8.99",1,"Crypto",2,"0.14","Romance"
"a1f99ca8-0b8f-4c59-a52e-4eb2ea8d4bf6",49,"Other","Standard","2.86",30,"Europe","Tablet","13.99",1,"Credit Card",3,"0.09","Drama"
"f18bb534-3003-4858-95d7-fdf908fc7432",64,"Male","Basic","0.27",49,"South America","Mobile","8.99",1,"Crypto",4,"0.01","Horror"
"0ef9124e-50c5-411b-b436-edacd29199a8",47,"Female","Standard","4.13",30,"South America","Tablet","13.99",1,"Gift Card",2,"0.13","Horror"
"60fbb4af-309d-4a37-93b2-20c05286ac2f",60,"Other","Standard","0.62",48,"Africa","TV","13.99",1,"Crypto",4,"0.01","Documentary"
"d5ebd5d0-4ce3-4120-9c8a-d01de6e00ba5",28,"Male","Standard","2.6",45,"Europe","Laptop","13.99",1,"Credit Card",2,"0.06","Sci-Fi"
"e2fa23ce-0f5d-44a2-8cec-b14660947d11",25,"Female","Standard","3.17",32,"Europe","Desktop","13.99",1,"Debit Card",5,"0.1","Documentary"
"a28580ec-90be-4f6d-ab87-619d8f0679b0",19,"Other","Standard","3.16",43,"Oceania","Mobile","13.99",1,"Gift Card",1,"0.07","Horror"
"d9a89da8-9188-4be1-9fa4-6ff8394bce3a",25,"Female","Premium","0.64",32,"Asia","Laptop","17.99",1,"Gift Card",4,"0.02","Romance"
"8372f52f-257c-4f58-ae67-dfa618516600",32,"Other","Basic","1.96",49,"North America","Laptop","8.99",1,"PayPal",4,"0.04","Documentary"
"7c88ae82-dad4-4bb3-8e01-e587c43395ab",38,"Other","Standard","3.39",35,"South America","Desktop","13.99",1,"Debit Card",1,"0.09","Drama"
"6928de64-4465-4a01-9208-9597cdf58bf8",56,"Male","Basic","3.29",58,"Europe","Mobile","8.99",1,"Debit Card",1,"0.06","Action"
"d1bae981-3ea1-432e-b791-65c33a5310cc",68,"Other","Basic","2.28",60,"North America","Tablet","8.99",1,"Debit Card",2,"0.04","Documentary"
"d5085dca-434a-4eab-91d5-9a0085af79d2",54,"Other","Standard","0.37",39,"North America","Tablet","13.99",1,"Credit Card",4,"0.01","Sci-Fi"
"9a31b543-8464-42d2-ab0b-4d9568ebe947",26,"Other","Premium","3.77",52,"Africa","TV","17.99",1,"Crypto",4,"0.07","Comedy"
"94520f48-96a9-4b36-a6ee-5cfd9ec9143b",18,"Other","Basic","0.67",11,"Asia","Laptop","8.99",1,"Gift Card",4,"0.06","Documentary"
"acee18e9-c039-434c-9c7b-8a2bb81bf19f",58,"Female","Premium","4.41",39,"Oceania","Laptop","17.99",1,"PayPal",5,"0.11","Documentary"
"6e346808-c15b-472c-ab5a-83cc8f70c8cb",54,"Male","Standard","3.47",31,"Europe","Laptop","13.99",1,"Crypto",5,"0.11","Sci-Fi"
"a300bc71-2231-406c-953c-92a9a5ecbd89",57,"Male","Premium","4.08",27,"Europe","TV","17.99",1,"Credit Card",1,"0.15","Horror"
"d66b7151-9251-4e63-8bac-8784764de25b",64,"Other","Basic","3.84",38,"Africa","Tablet","8.99",1,"Credit Card",1,"0.1","Documentary"
"704af732-4f2c-47bd-8005-51eaee71c3bb",59,"Other","Premium","1.12",13,"North America","Tablet","17.99",1,"Crypto",2,"0.08","Drama"
"02629028-5476-4dad-b44b-0c284f757874",56,"Female","Basic","2.23",26,"Africa","Tablet","8.99",1,"Credit Card",5,"0.08","Documentary"
"4403409b-c5ff-4f1d-85b6-d7d26093f6a3",43,"Female","Basic","0.69",39,"South America","Laptop","8.99",1,"Debit Card",1,"0.02","Action"
"c46da64b-c643-414b-9c74-f9c9cfd93905",21,"Other","Standard","2.51",19,"South America","Mobile","13.99",1,"Crypto",2,"0.13","Drama"
"722ad842-9f84-4f22-ba03-ec58ac6c23da",65,"Other","Premium","2.42",48,"Africa","Desktop","17.99",1,"Gift Card",2,"0.05","Comedy"
"615e7406-59c1-43a1-a7c2-21eebf7b480b",31,"Male","Basic","4.58",26,"North America","Desktop","8.99",1,"PayPal",2,"0.17","Action"
"32f4e267-4894-4705-9abb-d834e5c51501",65,"Other","Premium","0.47",25,"Asia","TV","17.99",1,"Debit Card",3,"0.02","Drama"
"a566dd67-1290-4278-8cc9-fd29e99a7aa6",21,"Male","Premium","1.3",13,"Oceania","Tablet","17.99",1,"PayPal",2,"0.09","Documentary"
"a3eeb138-744f-4bfb-87bf-72f794b2290a",47,"Other","Premium","3.99",53,"Africa","Mobile","17.99",1,"Gift Card",2,"0.07","Sci-Fi"
"2a99d3ad-4874-4d00-a714-5e17ab8be70e",49,"Male","Basic","3.34",50,"Africa","Laptop","8.99",1,"Credit Card",5,"0.07","Sci-Fi"
"871fbc03-cc9a-4915-a0b2-1b53fa2ea19e",29,"Female","Basic","1.46",54,"Europe","TV","8.99",1,"Crypto",3,"0.03","Sci-Fi"
"354dd217-2718-4a52-9640-2100fce27845",27,"Female","Standard","1.77",41,"South America","Mobile","13.99",1,"PayPal",2,"0.04","Horror"
"75fc6d6b-4c43-4682-8151-3ca3b9669fb7",18,"Female","Standard","1.71",49,"South America","TV","13.99",1,"PayPal",3,"0.03","Horror"
"1aa2e994-3eb1-4bd3-88e9-1aa4c4aab306",70,"Male","Basic","1.24",29,"Oceania","Laptop","8.99",1,"PayPal",1,"0.04","Horror"
"51c26840-b286-42ef-b074-77c2db6c31f5",38,"Male","Basic","3.86",37,"South America","Laptop","8.99",1,"PayPal",4,"0.1","Romance"
"3d1d46bb-37e3-4347-84f6-1266325022c0",38,"Female","Premium","4.12",54,"Oceania","Tablet","17.99",1,"Gift Card",1,"0.07","Romance"
"aa6f379a-ce91-484e-b54e-c1223dd2a9c0",19,"Female","Standard","0.17",34,"Europe","Laptop","13.99",1,"Gift Card",3,"0","Romance"
"6dfa61eb-b7eb-4d9f-979a-252808674892",39,"Other","Premium","1.83",12,"Africa","Mobile","17.99",1,"Credit Card",3,"0.14","Romance"
"337d7132-8164-46fe-9481-78329007a7af",27,"Male","Standard","0.43",27,"Europe","Laptop","13.99",1,"PayPal",2,"0.02","Sci-Fi"
"ff43bebc-c143-44c4-bc18-643f1fab423c",32,"Female","Standard","2.34",32,"Oceania","Mobile","13.99",1,"Crypto",5,"0.07","Action"
"15f25fe0-0224-44b0-a150-2afc797b5cd5",26,"Male","Standard","2.48",56,"Asia","Laptop","13.99",1,"Credit Card",4,"0.04","Documentary"
"48b066a3-ba77-444f-ac80-33a8b5921cea",24,"Other","Premium","2.98",11,"Europe","TV","17.99",1,"PayPal",2,"0.25","Drama"
"74a351ad-a105-47a3-8788-be27f4901415",46,"Female","Premium","2.09",36,"North America","Mobile","17.99",1,"Debit Card",3,"0.06","Sci-Fi"
"c44dca13-8b31-45ae-8749-b96c8cc7f207",42,"Other","Standard","0.45",15,"Africa","Laptop","13.99",1,"Gift Card",5,"0.03","Romance"
"ffa3c2de-0887-4b1a-9f2e-f0aaaf5ea2e5",28,"Female","Premium","4.1",55,"Oceania","Desktop","17.99",1,"PayPal",2,"0.07","Sci-Fi"
"7e6f4d69-8626-4fd9-a4b9-f0206bd3fa3b",50,"Female","Premium","3.81",53,"Europe","Mobile","17.99",1,"Gift Card",1,"0.07","Sci-Fi"
"e8f2664c-402d-4227-975c-6b6f3960336f",61,"Other","Standard","4.69",45,"Asia","Mobile","13.99",1,"Crypto",3,"0.1","Horror"
"31d3a4d3-4f08-4c99-b7c0-b86e5d907649",27,"Male","Basic","4.61",42,"Asia","Mobile","8.99",1,"Crypto",2,"0.11","Comedy"
"f5309997-6d14-4c98-9379-ac88f9cbbe93",29,"Male","Standard","0.48",29,"Asia","TV","13.99",1,"Debit Card",3,"0.02","Action"
"f0998eae-9a45-4ed5-95e4-0b6a02db0630",56,"Other","Basic","1.22",23,"North America","TV","8.99",1,"PayPal",5,"0.05","Horror"
"7767a55d-bc06-4edf-89a6-0235f5728dd5",19,"Male","Standard","0.95",22,"Asia","Laptop","13.99",1,"Credit Card",2,"0.04","Documentary"
"6f0b25fb-c81b-4416-ad28-7ae1b7f73dfc",68,"Female","Basic","1.91",57,"Africa","Desktop","8.99",1,"Debit Card",3,"0.03","Sci-Fi"
"d4642e0c-7c28-4b72-a098-27f0f6bf51ac",24,"Other","Basic","0.17",25,"South America","TV","8.99",1,"Debit Card",5,"0.01","Comedy"
"abfeba54-42ea-43d9-a800-a069d5b0dbda",66,"Other","Basic","0.83",30,"Europe","Laptop","8.99",1,"PayPal",5,"0.03","Comedy"
"c1297aad-0eff-4128-a815-3d35e932b23c",55,"Male","Basic","3.76",22,"Asia","Desktop","8.99",1,"Crypto",4,"0.16","Romance"
"272a45af-0205-4022-a7d3-fd8266d2a630",46,"Female","Basic","0.49",35,"Africa","Mobile","8.99",1,"Gift Card",3,"0.01","Drama"
"d63982f2-ea11-489e-9092-559a4f2190ec",60,"Female","Standard","0.76",59,"North America","Desktop","13.99",1,"Credit Card",2,"0.01","Romance"
"dbab2c81-25f3-4f64-969d-48093e7989cc",50,"Other","Premium","1.21",44,"Europe","Tablet","17.99",1,"Credit Card",1,"0.03","Action"
"79e33997-7571-4785-bf32-7c6b45dd2a38",37,"Female","Premium","0.52",37,"North America","TV","17.99",1,"PayPal",4,"0.01","Documentary"
"3b9e88b6-d283-419b-9562-d98fe199e04e",39,"Other","Premium","3.98",39,"Asia","Tablet","17.99",1,"Debit Card",3,"0.1","Drama"
"c9fa7288-917d-4b7c-8538-dcc9d103ab8b",66,"Male","Standard","0.24",13,"Oceania","Tablet","13.99",1,"Crypto",5,"0.02","Action"
"5b57deb8-313a-4470-b11e-f3a11aecea63",36,"Other","Basic","0.95",41,"North America","Desktop","8.99",1,"Gift Card",5,"0.02","Documentary"
"ec879c8c-9cc0-41a3-b625-69979bbc565f",67,"Female","Premium","3.33",11,"Europe","Mobile","17.99",1,"Crypto",3,"0.28","Action"
"2dcbd1ab-9f58-4dfd-86ae-87927ae211bf",32,"Female","Basic","3.15",26,"North America","Laptop","8.99",1,"Debit Card",2,"0.12","Comedy"
"ee23b820-b023-455c-a164-7a6f029cb8c8",55,"Female","Premium","3.27",21,"South America","TV","17.99",1,"PayPal",1,"0.15","Action"
"df604392-c45e-4f2d-80d5-544300e084e2",41,"Other","Basic","4.15",39,"Asia","Laptop","8.99",1,"PayPal",5,"0.1","Comedy"
"a51a0fca-f883-4bde-9acb-a7dd51f56f09",22,"Male","Basic","0.8",35,"Oceania","TV","8.99",1,"Gift Card",1,"0.02","Sci-Fi"
"76ad4d6a-19dd-42de-add3-bb96a7511b3c",53,"Female","Premium","1.25",37,"Asia","Mobile","17.99",1,"PayPal",5,"0.03","Action"
"1a2dcd89-e8ac-4205-abd6-4f2fa9a6559a",44,"Female","Basic","3.72",37,"Oceania","TV","8.99",1,"Debit Card",1,"0.1","Documentary"
"06938a8c-6c69-4e18-8c06-17a8f12f6019",25,"Male","Basic","1.27",43,"Asia","Mobile","8.99",1,"Debit Card",2,"0.03","Sci-Fi"
"fef9c533-b570-4ab6-8bbc-8bc6bbec40fd",60,"Male","Premium","2.52",32,"Asia","Tablet","17.99",1,"PayPal",4,"0.08","Drama"
"87bb868a-f169-41ac-ab78-94021cf19a0f",68,"Male","Standard","1.68",33,"Africa","Desktop","13.99",1,"Credit Card",3,"0.05","Drama"
"732d67f8-5996-46fe-9b35-695e2c344cee",65,"Female","Basic","3.46",48,"Oceania","Tablet","8.99",1,"Credit Card",4,"0.07","Drama"
"c1036f42-7ebe-4737-aa18-7019022de901",61,"Other","Premium","2.22",43,"Asia","TV","17.99",1,"Gift Card",4,"0.05","Documentary"
"5497a74d-e048-4392-9025-2000dfceb952",63,"Female","Basic","3.65",55,"South America","Desktop","8.99",1,"Crypto",5,"0.07","Comedy"
"13d60860-ba76-458b-b4a2-a2b57814f3a5",62,"Male","Premium","2.68",55,"Africa","TV","17.99",1,"Gift Card",1,"0.05","Action"
"98006a18-b3dc-4c62-862d-60e463cf6f7f",37,"Male","Standard","2.31",28,"Asia","Laptop","13.99",1,"PayPal",1,"0.08","Horror"
"7d27b819-bbc1-4ed3-90fc-fab14f4f7676",26,"Other","Premium","4.76",27,"Oceania","Mobile","17.99",1,"Crypto",4,"0.17","Documentary"
"f6586998-c5aa-4fc4-86ac-0c0356195134",41,"Other","Premium","2.74",19,"Asia","Laptop","17.99",1,"Debit Card",3,"0.14","Sci-Fi"
"d950a7ae-60bd-4f16-ad7e-46c34268c6fd",24,"Other","Standard","4.89",58,"South America","Mobile","13.99",1,"Debit Card",2,"0.08","Action"
"99b75d88-389d-4e15-ae49-2fbda9481a56",42,"Male","Premium","1.91",44,"Europe","Mobile","17.99",1,"Crypto",1,"0.04","Action"
"28750512-060a-4199-bbb4-ffa43bac55b5",59,"Other","Basic","0.09",25,"Europe","Laptop","8.99",1,"Crypto",2,"0","Sci-Fi"
"bc638748-782d-4220-8fc7-ed7e6747c894",69,"Female","Basic","4.81",22,"South America","TV","8.99",1,"Gift Card",2,"0.21","Action"
"4acacbc6-042b-4dce-aae2-1a5c6d52ce20",18,"Male","Premium","1.61",29,"Asia","Mobile","17.99",1,"PayPal",1,"0.05","Drama"
"87c00608-c077-4037-9cfe-11d7e7f3f9f2",18,"Female","Premium","0.38",37,"North America","TV","17.99",1,"Crypto",5,"0.01","Action"
"4ba7f702-5b22-4e31-ac70-272407eb79f8",31,"Female","Premium","0.54",16,"North America","Desktop","17.99",1,"Credit Card",1,"0.03","Sci-Fi"
"5fb82ca0-59b1-4c7a-ace5-9dc04e30c4ab",33,"Female","Standard","3.98",49,"Oceania","Tablet","13.99",1,"Debit Card",4,"0.08","Drama"
"f42ed003-e8bf-42bd-830e-0286e52956a8",31,"Male","Premium","1.9",31,"Europe","Mobile","17.99",1,"Gift Card",1,"0.06","Horror"
"4bd379ac-7088-4f76-8659-5dee42ce681e",29,"Male","Standard","1.23",50,"Asia","Desktop","13.99",1,"PayPal",3,"0.02","Comedy"
"95b8b913-647a-4cf0-8a1c-12eba4a8ed74",33,"Female","Basic","0.03",51,"North America","Laptop","8.99",1,"Credit Card",1,"0","Horror"
"3d604c3a-0b78-4192-8389-dd95566832af",46,"Other","Standard","0.83",12,"South America","Mobile","13.99",1,"Crypto",4,"0.06","Comedy"
"93880064-9281-4aec-a8f9-0be261a5257c",49,"Female","Premium","3.31",59,"Europe","Laptop","17.99",1,"PayPal",1,"0.06","Sci-Fi"
"ff06eb31-09ff-48f4-821a-632b3d504124",55,"Male","Premium","0.87",48,"Asia","Tablet","17.99",1,"Debit Card",4,"0.02","Action"
"41f6124d-7959-4fc3-83af-7c634c843b10",39,"Other","Premium","2.99",46,"Europe","Tablet","17.99",1,"Crypto",4,"0.06","Romance"
"3a5d46fd-0ca3-44a1-a8be-d7e35a75218e",57,"Male","Basic","3.09",43,"South America","Mobile","8.99",1,"Debit Card",5,"0.07","Horror"
"6b8c4ccd-8bee-4022-94e8-b5f5a0d5bb5f",64,"Other","Standard","1.09",37,"South America","Laptop","13.99",1,"Credit Card",5,"0.03","Documentary"
"7be4e423-83bd-4cc9-96d5-a845a5ae728f",43,"Male","Premium","1.99",17,"Africa","TV","17.99",1,"Crypto",5,"0.11","Action"
"dcaf88dd-7810-44bb-ab55-d2ad4410ad63",44,"Other","Basic","1.4",58,"Asia","TV","8.99",1,"Debit Card",5,"0.02","Drama"
"a9d14534-5bca-41dd-8d02-0d92570cb764",35,"Male","Standard","4.13",32,"Africa","TV","13.99",1,"Credit Card",1,"0.13","Horror"
"4d72f986-020f-4c5e-9e76-eb69bea859e6",46,"Other","Standard","1.24",60,"Europe","TV","13.99",1,"Debit Card",5,"0.02","Horror"
"cb370c32-624d-42ee-b4c7-d90cd286a11f",40,"Female","Basic","1.79",14,"South America","Laptop","8.99",1,"PayPal",1,"0.12","Documentary"
"6a99ebb0-cc9f-45ab-b6e9-4791602ae7c4",35,"Female","Standard","3.26",39,"Europe","Tablet","13.99",1,"Debit Card",2,"0.08","Drama"
"59711c93-38ef-47c5-b728-42fa302cacd0",42,"Female","Standard","3.67",13,"Oceania","TV","13.99",1,"Debit Card",3,"0.26","Action"
"bb67998e-4ac1-45da-b7ca-605ec973e5fe",24,"Male","Premium","1.12",55,"Asia","Tablet","17.99",1,"Crypto",5,"0.02","Documentary"
"b26a4921-90b8-4360-8834-fad7a130bfb4",24,"Male","Premium","0.58",57,"Europe","Tablet","17.99",1,"PayPal",3,"0.01","Sci-Fi"
"eaf0471b-e553-4302-a1aa-cf3284f3a3a9",34,"Female","Basic","0.95",44,"Asia","Mobile","8.99",1,"PayPal",4,"0.02","Action"
"31673a23-132a-46a7-b029-975ac1465c50",48,"Male","Premium","4.15",53,"Africa","Laptop","17.99",1,"Credit Card",4,"0.08","Documentary"
"2c06953e-4bc1-42f4-8769-813f8f36b530",54,"Other","Basic","0.5",54,"Asia","Desktop","8.99",1,"Crypto",1,"0.01","Comedy"
"25fd1786-ff5a-45fc-bb97-0ab5ba25bbd4",69,"Female","Basic","0.64",21,"South America","Mobile","8.99",1,"PayPal",1,"0.03","Drama"
"fcc3fddc-5adf-4ff0-9e0e-c84a424d2070",24,"Female","Standard","3.9",32,"South America","TV","13.99",1,"PayPal",5,"0.12","Sci-Fi"
"73afe00b-3f93-4cd4-b71f-161f6da7d9a8",64,"Other","Basic","4.86",33,"South America","TV","8.99",1,"Debit Card",5,"0.14","Documentary"
"63424808-052e-4e93-a382-1bc16302c1cd",34,"Female","Basic","4.45",60,"North America","Laptop","8.99",1,"Gift Card",4,"0.07","Action"
"1af70b1b-d756-415f-a5b4-3861139559d8",32,"Female","Premium","4.46",40,"South America","Mobile","17.99",1,"Crypto",1,"0.11","Comedy"
"2a0fdbe4-588b-40fe-ba75-19cebe31bea8",69,"Other","Premium","1.85",33,"Oceania","Laptop","17.99",1,"Debit Card",2,"0.05","Drama"
"825bd557-2be9-4aca-a8d1-eb8a5f1bb037",29,"Female","Premium","0.19",54,"Europe","Mobile","17.99",1,"PayPal",2,"0","Drama"
"c03d3d6b-a16d-4b1d-bf07-788f0372cec5",20,"Other","Standard","3.19",53,"South America","Tablet","13.99",1,"Gift Card",4,"0.06","Sci-Fi"
"e969d3a9-a455-455f-9be8-38e701b1f653",46,"Female","Standard","4.68",11,"Africa","Tablet","13.99",1,"Gift Card",5,"0.39","Comedy"
"2a1b3474-38d6-4ca0-8c57-b10eaae5e250",60,"Other","Standard","4.57",60,"Oceania","TV","13.99",1,"Gift Card",3,"0.07","Romance"
"744ddc65-15bd-4ea4-abe0-e6c0e760796f",46,"Male","Premium","2.96",33,"South America","TV","17.99",1,"PayPal",5,"0.09","Action"
"8bbf6861-d17e-4548-bf18-f7f295ce59dd",55,"Other","Standard","3.19",45,"South America","Mobile","13.99",1,"Gift Card",2,"0.07","Comedy"
"7ff1a77b-f219-42d5-97cd-279306d9c7bc",26,"Male","Basic","2.04",59,"South America","Laptop","8.99",1,"Credit Card",5,"0.03","Drama"
"17f2ec1d-c875-43da-9307-7012fa87236c",40,"Female","Premium","3.91",53,"Europe","Mobile","17.99",1,"PayPal",4,"0.07","Action"
"d694ed01-7f0c-40af-8749-f22aa8dd2ffa",55,"Other","Premium","1.98",25,"South America","Mobile","17.99",1,"Gift Card",2,"0.08","Romance"
"c76f1318-9857-4514-8548-3cd20a91f650",62,"Female","Basic","1.04",16,"North America","Mobile","8.99",1,"Credit Card",5,"0.06","Comedy"
"68afcc40-9bb4-4903-a7ce-3c64492794f6",69,"Female","Standard","3.47",58,"South America","Laptop","13.99",1,"Gift Card",3,"0.06","Comedy"
"b41e00a2-10d7-46ae-a151-2cc315df1c34",56,"Other","Basic","4.78",51,"Oceania","Desktop","8.99",1,"Gift Card",1,"0.09","Romance"
"2f6ecf7c-ed0c-4011-8d13-90edf44b305d",65,"Other","Premium","4.11",41,"Asia","Mobile","17.99",1,"Gift Card",2,"0.1","Drama"
"05bf2a9f-e720-4d01-8ef5-9110d6fca724",23,"Other","Standard","3.04",48,"Europe","Tablet","13.99",1,"Crypto",2,"0.06","Horror"
"819a1e55-0a4e-4467-92b3-74936dc87ecd",27,"Female","Standard","0.21",44,"Africa","Mobile","13.99",1,"Gift Card",3,"0","Documentary"
"3d90379c-6a89-4764-803b-b958c1a4e37a",24,"Female","Premium","0.65",34,"Africa","Mobile","17.99",1,"Gift Card",4,"0.02","Drama"
"d35e9995-4a42-438c-a56f-dff2e9acc65e",39,"Other","Basic","1.28",39,"South America","Desktop","8.99",1,"Credit Card",5,"0.03","Documentary"
"66d3a92b-4c35-46e6-bf15-cb673be2aee2",27,"Male","Premium","2.95",30,"South America","Desktop","17.99",1,"PayPal",2,"0.1","Horror"
"a893ce7f-c8bc-427a-b89d-206a94d5a33a",63,"Female","Basic","2.95",41,"South America","Laptop","8.99",1,"PayPal",2,"0.07","Romance"
"d16ade89-0f8a-447e-b492-db632a54e02b",67,"Male","Premium","4.77",30,"North America","Desktop","17.99",1,"Debit Card",1,"0.15","Action"
"ceae0c44-3af1-464c-98de-82c6c0a19ae2",35,"Other","Premium","3.63",57,"Europe","Laptop","17.99",1,"Credit Card",5,"0.06","Sci-Fi"
"062c9b99-d361-4c0e-b1dd-507fdd20b1e7",55,"Male","Basic","3.83",28,"Europe","Desktop","8.99",1,"Credit Card",4,"0.13","Sci-Fi"
"771523c2-478a-4251-bf5c-8a002d31b068",51,"Other","Premium","4.52",59,"North America","TV","17.99",1,"Crypto",3,"0.08","Comedy"
"f86bf906-2201-4800-8413-fba4e4e8ae50",59,"Male","Basic","0.5",60,"North America","Tablet","8.99",1,"Credit Card",2,"0.01","Sci-Fi"
"7016829c-88f3-4821-9fc1-ce5343e53906",31,"Female","Premium","1.02",39,"Oceania","Laptop","17.99",1,"Crypto",3,"0.03","Drama"
"70c22bdb-e226-4a53-b2da-5f00c9873c5c",47,"Other","Basic","3.64",15,"Oceania","Mobile","8.99",1,"Crypto",4,"0.23","Drama"
"a6d3a561-5aff-4eb2-b18a-60064af4a2c4",60,"Other","Standard","3.29",50,"South America","TV","13.99",1,"Crypto",3,"0.06","Horror"
"49b003fa-4997-4af1-90e2-c4f8ee1f1779",44,"Male","Standard","1.05",18,"Africa","Tablet","13.99",1,"PayPal",3,"0.06","Drama"
"fc1176e6-bf27-4f67-989e-2bb32af87eb5",60,"Other","Basic","0.27",35,"Europe","Mobile","8.99",1,"Credit Card",2,"0.01","Drama"
"ddc99c73-7758-4640-aed3-4e11d1f22150",40,"Male","Basic","1.18",39,"Asia","Tablet","8.99",1,"Debit Card",2,"0.03","Sci-Fi"
"6c9f98ff-4f0f-4639-85d0-5e401d743a4c",52,"Male","Basic","0.41",48,"Europe","TV","8.99",1,"Credit Card",5,"0.01","Documentary"
"d727f89d-d107-459c-a343-4c7c59015831",30,"Female","Standard","1.21",14,"Europe","TV","13.99",1,"Crypto",5,"0.08","Drama"
"101b4ce6-b2f8-41ab-b6f4-2a3ed4dba3eb",36,"Female","Basic","0.05",25,"Europe","Desktop","8.99",1,"Debit Card",4,"0","Action"
"aaf5f091-7785-48d1-84e9-fa47bf7525e5",70,"Female","Basic","2.46",53,"South America","Laptop","8.99",1,"Crypto",1,"0.05","Drama"
"dfc2c37e-28ec-47db-bfd9-87dce42a6384",62,"Female","Standard","1.62",37,"North America","TV","13.99",1,"Crypto",3,"0.04","Horror"
"fdf173e9-3cc2-4211-ad97-6a89ab4c992d",60,"Female","Basic","1.76",48,"North America","TV","8.99",1,"Debit Card",2,"0.04","Sci-Fi"
"0a450e9c-d685-4b05-bd36-cb4aab6a21ed",63,"Male","Basic","0.75",46,"Asia","Tablet","8.99",1,"Gift Card",3,"0.02","Horror"
"a02f28e9-2264-4b14-b562-3098301b12fd",18,"Female","Basic","1.82",46,"South America","Tablet","8.99",1,"Credit Card",3,"0.04","Romance"
"e3d31a6c-7408-4ad9-a763-ea9a744f27de",28,"Female","Standard","4.39",14,"North America","Tablet","13.99",1,"Debit Card",2,"0.29","Romance"
"fd7293ff-a104-4081-b219-8a71ad708cb5",68,"Male","Premium","2.34",44,"Oceania","Laptop","17.99",1,"Gift Card",5,"0.05","Drama"
"9f356c38-182c-4951-b612-e9412297b50d",18,"Other","Basic","3.89",33,"Europe","Tablet","8.99",1,"Debit Card",1,"0.11","Action"
"8329446c-9c38-459b-b296-59f5f19f2a51",37,"Male","Basic","4.98",30,"South America","Mobile","8.99",1,"Gift Card",4,"0.16","Romance"
"7aeada68-2ac1-4864-8292-82cc19d446da",21,"Other","Premium","4.21",31,"Europe","Laptop","17.99",1,"Gift Card",5,"0.13","Documentary"
"242a83be-25ed-4b50-966e-126fa3bda7d0",44,"Male","Basic","4.89",35,"Oceania","Laptop","8.99",1,"PayPal",3,"0.14","Drama"
"19f96bab-f769-4ade-9add-63dd0769e499",55,"Male","Basic","0.12",22,"South America","Tablet","8.99",1,"Debit Card",4,"0.01","Comedy"
"2b17d2bf-926e-4ebf-a591-a9966eed3815",47,"Male","Premium","2.57",60,"South America","TV","17.99",1,"Gift Card",3,"0.04","Action"
"17ec48bb-58d9-4be7-a2d5-ad5f1bd26c9b",36,"Other","Premium","2.85",15,"Africa","Tablet","17.99",1,"PayPal",3,"0.18","Comedy"
"31f8fd87-aea7-4f86-ac51-080bbd39c074",51,"Other","Basic","3.64",50,"South America","TV","8.99",1,"Debit Card",1,"0.07","Action"
"1b03740b-7608-4b96-a78e-b48bebde5337",53,"Male","Basic","3.37",54,"South America","Desktop","8.99",1,"PayPal",5,"0.06","Comedy"
"f4c785ec-5213-4d09-8dfd-af38ed4cc0b8",47,"Female","Standard","4.1",52,"South America","Laptop","13.99",1,"Debit Card",1,"0.08","Drama"
"84bb4a72-f675-48ba-a3d6-aa4b8c828fe6",58,"Male","Premium","2.11",23,"Africa","TV","17.99",1,"Debit Card",3,"0.09","Documentary"
"fe26c901-86af-42bf-a9cf-ec1bc66f6a46",69,"Male","Basic","2.74",52,"Oceania","Mobile","8.99",1,"Debit Card",4,"0.05","Action"
"1b43ab83-77a5-4a8f-b68c-bbb2d21d310f",18,"Female","Standard","2.14",44,"North America","Desktop","13.99",1,"Gift Card",3,"0.05","Comedy"
"cff5d87d-e5d3-46a7-a439-b5d14d3aee6b",45,"Male","Basic","1.92",46,"North America","TV","8.99",1,"Debit Card",4,"0.04","Drama"
"3e453410-a025-42af-b464-f536ad03a150",24,"Female","Basic","3.11",11,"Asia","Tablet","8.99",1,"Credit Card",2,"0.26","Sci-Fi"
"b187ac76-4367-49b1-8c71-afb04eadbc52",57,"Male","Premium","0.55",40,"Oceania","Desktop","17.99",1,"Credit Card",5,"0.01","Sci-Fi"
"e68dd843-5ad0-4f96-a114-fecf95b5f4d6",47,"Other","Premium","1.03",38,"North America","Tablet","17.99",1,"Crypto",5,"0.03","Comedy"
"36fdcf0e-96a0-4a84-80e5-92931c07651c",38,"Other","Standard","1.24",55,"Europe","TV","13.99",1,"Credit Card",5,"0.02","Horror"
"ee80ddff-0534-48ba-a952-aa9e70933650",44,"Other","Standard","1.12",24,"Europe","TV","13.99",1,"Gift Card",2,"0.04","Documentary"
"8766bf34-0235-4bad-b3d3-4d855393ec68",44,"Male","Basic","3.32",16,"South America","Desktop","8.99",1,"Gift Card",4,"0.2","Documentary"
"376a8158-1184-4952-ad53-914e27bc8d2e",21,"Female","Premium","4.07",56,"South America","Desktop","17.99",1,"Credit Card",4,"0.07","Action"
"9a579630-34ed-41af-9605-6d16463f51a3",31,"Male","Basic","4.83",15,"Europe","Laptop","8.99",1,"Credit Card",4,"0.3","Horror"
"99d26b54-a532-497d-891a-457988b8a000",66,"Other","Premium","0.27",59,"North America","Tablet","17.99",1,"Gift Card",2,"0","Documentary"
"26028d11-a0cb-4305-89a4-f481f1dcc51e",70,"Male","Standard","4.17",38,"South America","Tablet","13.99",1,"PayPal",1,"0.11","Sci-Fi"
"d20f17d4-829d-452f-8b9c-28b86a17ba70",67,"Female","Standard","1.63",58,"North America","Mobile","13.99",1,"Gift Card",3,"0.03","Documentary"
"8a796eb5-411e-4659-8712-f55009816c45",35,"Male","Standard","3.65",42,"North America","Tablet","13.99",1,"Debit Card",1,"0.08","Drama"
"0e194852-0ef1-49eb-ace7-3995062e3482",53,"Female","Basic","2.6",46,"Europe","Desktop","8.99",1,"Gift Card",5,"0.06","Sci-Fi"
"8045a861-a968-4b58-89c6-dc15c6fd41e8",24,"Female","Premium","2.48",19,"North America","Mobile","17.99",1,"Debit Card",2,"0.12","Sci-Fi"
"3386b0b9-c2dd-4bc0-aa2f-87fbd712d354",24,"Female","Basic","3.74",38,"Africa","Laptop","8.99",1,"Debit Card",4,"0.1","Drama"
"8b113aca-3087-4316-b980-6925a693dc6e",60,"Male","Standard","1.38",41,"Africa","Laptop","13.99",1,"Debit Card",3,"0.03","Drama"
"d3a4252b-a64c-4b21-99c8-fa78272e30c8",40,"Male","Standard","4.09",37,"North America","Mobile","13.99",1,"Gift Card",2,"0.11","Sci-Fi"
"4875bcbf-cc55-419a-8d9d-cec963f0dc03",39,"Male","Standard","4.19",47,"Europe","Laptop","13.99",1,"Crypto",2,"0.09","Horror"
"57ffc492-dcb6-416b-a4f3-7109014eb262",26,"Female","Premium","3.87",45,"Asia","TV","17.99",1,"Gift Card",2,"0.08","Documentary"
"e8f09351-f30e-4e46-9128-fd3307db7769",21,"Male","Standard","1.02",23,"Asia","Tablet","13.99",1,"PayPal",3,"0.04","Documentary"
"24fae6e6-0303-46ef-835f-1123d6500129",45,"Female","Premium","3.45",44,"South America","Tablet","17.99",1,"Crypto",3,"0.08","Action"
"e9063abe-14f1-4a30-ac69-04109b0bd3a6",34,"Male","Basic","0.35",57,"Asia","TV","8.99",1,"Gift Card",1,"0.01","Comedy"
"6c7a0786-5bbd-45a6-bf15-a8ca2018cb9f",35,"Other","Premium","2.86",16,"Oceania","Mobile","17.99",1,"Debit Card",1,"0.17","Comedy"
"524d67c4-a4d6-46c4-853a-a934c0ccfeea",35,"Male","Standard","3.52",24,"South America","Mobile","13.99",1,"Crypto",5,"0.14","Action"
"57e4fad4-7fad-49ec-aa15-9e560b0fffae",57,"Female","Premium","0.69",24,"Europe","Mobile","17.99",1,"Crypto",5,"0.03","Sci-Fi"
"b91f25f0-5c8f-44e4-80ff-f3f3ed4eb2aa",66,"Male","Standard","3.86",28,"Africa","Laptop","13.99",1,"PayPal",3,"0.13","Sci-Fi"
"ded64a9a-2e56-4024-8a7e-81dc3e63e121",51,"Other","Standard","2.68",48,"Asia","Laptop","13.99",1,"Crypto",3,"0.05","Comedy"
"29152433-d03d-4d65-bc6a-a13f5319a1d4",44,"Male","Basic","1.45",18,"South America","TV","8.99",1,"Credit Card",4,"0.08","Horror"
"54f5cc09-4077-40dc-a4d7-f6fb71e80f17",36,"Female","Premium","3.85",46,"North America","Tablet","17.99",1,"PayPal",2,"0.08","Horror"
"9659348b-2121-44af-ba88-7d3c1e7f84a7",45,"Male","Basic","3.05",59,"North America","Tablet","8.99",1,"Credit Card",1,"0.05","Action"
"76d82511-a6f4-4f45-ba69-2717608c288f",65,"Male","Standard","1",47,"Asia","Mobile","13.99",1,"Credit Card",4,"0.02","Sci-Fi"
"1954befc-d7f8-4599-9ed6-70debad7d22f",30,"Male","Standard","3.31",29,"Asia","TV","13.99",1,"Debit Card",1,"0.11","Documentary"
"a4d2a10a-b24e-4b17-8dc3-095c6a1a2b87",70,"Male","Basic","1.35",46,"Oceania","Mobile","8.99",1,"Gift Card",5,"0.03","Comedy"
"8f35fbad-1939-4a3c-a811-bbe07ef61935",33,"Female","Premium","0.44",17,"North America","Mobile","17.99",1,"Crypto",4,"0.02","Romance"
"89f9379b-bb79-4b69-bdc7-b09d9a1fa20c",56,"Other","Premium","3.39",45,"Oceania","Tablet","17.99",1,"Debit Card",3,"0.07","Drama"
"355644db-e0bf-43b2-8be7-36a1205265c7",32,"Male","Standard","2.91",13,"Africa","Tablet","13.99",1,"Crypto",2,"0.21","Romance"
"7a65b354-9f0c-44fa-a680-0e9d3c87c73e",59,"Female","Premium","1.7",54,"Oceania","TV","17.99",1,"Crypto",3,"0.03","Romance"
"21205edc-2ffb-4dce-b6a4-13ad8a8450bf",53,"Female","Standard","1.72",19,"Asia","TV","13.99",1,"Credit Card",1,"0.09","Horror"
"b76c94bc-af32-4a71-ae69-9a2c713cb696",40,"Female","Standard","4.26",49,"Europe","TV","13.99",1,"Debit Card",4,"0.09","Documentary"
"a338aff4-ae1a-45ce-bea5-bce572efe8c1",68,"Female","Premium","0.2",32,"North America","Laptop","17.99",1,"Crypto",1,"0.01","Horror"
"087f0011-86fb-4327-a18a-536a08edfb5d",68,"Other","Premium","1.67",18,"Africa","Mobile","17.99",1,"PayPal",3,"0.09","Romance"
"adf1a226-5359-44e7-8690-bbe814ff2ac3",19,"Female","Standard","0.93",26,"North America","Laptop","13.99",1,"Debit Card",3,"0.03","Action"
"785e0652-1283-4c68-a635-e96f3140cbcc",62,"Male","Premium","4.25",40,"Asia","Mobile","17.99",1,"Credit Card",2,"0.1","Comedy"
"7116a96f-6d6e-46d3-8176-93513053d545",31,"Male","Premium","3.81",39,"Asia","TV","17.99",1,"Crypto",1,"0.1","Documentary"
"2f5798a1-fb24-4efb-932c-6b0a926a6290",36,"Male","Premium","3.24",53,"South America","Desktop","17.99",1,"PayPal",1,"0.06","Drama"
"7abbcd40-0866-480d-9824-635556dbeac1",25,"Female","Basic","2.53",25,"North America","Desktop","8.99",1,"Debit Card",1,"0.1","Documentary"
"4a8b2fa1-8c5e-47f2-9801-c168aa84121d",70,"Male","Premium","3.19",24,"Asia","Desktop","17.99",1,"Crypto",2,"0.13","Sci-Fi"
"ed0f871a-c1bc-4b93-9f5d-e2d90206146b",42,"Female","Basic","1.52",48,"Africa","Tablet","8.99",1,"Debit Card",5,"0.03","Romance"
"485931a6-ccb3-4436-9554-430fbc8d189a",55,"Male","Premium","1.2",32,"Europe","Desktop","17.99",1,"Credit Card",4,"0.04","Drama"
"4c0287b1-cf45-4107-a454-cd7c56d26948",61,"Other","Premium","4.58",33,"Europe","Mobile","17.99",1,"Gift Card",4,"0.13","Comedy"
"f6ab90b9-5e01-429e-aac6-b858b434b20c",63,"Other","Premium","3.98",43,"Asia","Laptop","17.99",1,"PayPal",2,"0.09","Horror"
"b98db897-f857-4c18-ba27-c667b30c0dfe",47,"Female","Standard","0.55",40,"Asia","TV","13.99",1,"PayPal",3,"0.01","Horror"
"8a229d09-04c2-4922-8645-c46ee272ebd2",47,"Female","Basic","4.69",46,"Europe","Laptop","8.99",1,"Crypto",2,"0.1","Sci-Fi"
"93b8f61c-4375-49bc-a30d-54b4c319f266",68,"Female","Basic","3.07",49,"South America","Laptop","8.99",1,"Credit Card",3,"0.06","Romance"
"3b478fcf-d4a2-4c33-b050-0b45af3c0679",48,"Male","Basic","0.31",37,"Asia","Mobile","8.99",1,"Crypto",2,"0.01","Action"
"12f3fe4c-c868-4e9e-82de-21f630ec1e46",34,"Male","Basic","1.82",60,"North America","Mobile","8.99",1,"Debit Card",1,"0.03","Romance"
"06863a94-2c2d-48b6-8770-af0d3d8a0948",22,"Male","Standard","4.84",32,"South America","Mobile","13.99",1,"Debit Card",3,"0.15","Action"
"16a3e295-eada-4912-a842-8a4ed842d77b",61,"Female","Standard","2.27",27,"Oceania","Desktop","13.99",1,"Credit Card",3,"0.08","Documentary"
"97677cac-6110-4fca-8580-98b42a698b5c",19,"Male","Basic","4.03",20,"South America","Laptop","8.99",1,"Gift Card",5,"0.19","Drama"
"9d8fb170-2207-4356-9a79-049a27db6af1",47,"Other","Standard","3.5",32,"Europe","Tablet","13.99",1,"Crypto",1,"0.11","Sci-Fi"
"e2c388e8-73e3-43f6-930b-1787b2345d9d",37,"Female","Premium","0.83",45,"Europe","TV","17.99",1,"Debit Card",4,"0.02","Documentary"
"532673fd-e1a4-45bd-8652-63aaba3617a6",38,"Female","Standard","4.06",26,"South America","Desktop","13.99",1,"Crypto",5,"0.15","Comedy"
"6232c7ae-f01e-4ac3-845c-0f5a3f151e40",61,"Male","Standard","4.14",30,"Asia","Laptop","13.99",1,"Credit Card",2,"0.13","Drama"
"9d5ba8a6-0786-4b13-9c64-881480979699",20,"Female","Basic","1",32,"Africa","Tablet","8.99",1,"Credit Card",2,"0.03","Romance"
"0c40bdbb-d30b-489e-ac36-91ab09dfdeab",57,"Male","Basic","3.31",57,"Europe","Mobile","8.99",1,"Gift Card",2,"0.06","Drama"
"b4c0a5b3-9910-4d8d-a34b-c7ac6672e6c3",55,"Other","Premium","4.36",52,"Oceania","Desktop","17.99",1,"Crypto",2,"0.08","Comedy"
"0fbffe99-eba0-4a18-b1f4-42b9e249dfae",33,"Female","Premium","0.06",53,"North America","Desktop","17.99",1,"PayPal",3,"0","Horror"
"a981b14d-307e-40e0-b1ac-65f5b3b6621d",24,"Male","Basic","0.75",26,"North America","Laptop","8.99",1,"Gift Card",2,"0.03","Drama"
"2858e12c-4b07-4c7d-98d7-1c54f6e93ae1",48,"Male","Basic","3.88",17,"South America","Mobile","8.99",1,"Debit Card",1,"0.22","Action"
"af8f5153-7336-4fda-9255-900c86922fef",51,"Other","Basic","1.5",34,"South America","TV","8.99",1,"Crypto",2,"0.04","Documentary"
"0eac3038-33dd-4516-99ec-84d02f68a2c5",34,"Other","Standard","1.92",31,"Oceania","TV","13.99",1,"PayPal",1,"0.06","Action"
"2d0da2af-0c0a-45d2-90e2-09bf79d186b2",34,"Female","Standard","4.06",44,"Europe","Tablet","13.99",1,"PayPal",1,"0.09","Drama"
"47bac1f0-d7bf-4c0b-8489-888e89950661",62,"Male","Basic","0.9",22,"South America","Tablet","8.99",1,"Debit Card",4,"0.04","Romance"
"8ef7eacb-b757-4433-8663-81f540a1f53f",44,"Male","Premium","0.62",22,"Africa","Tablet","17.99",1,"PayPal",2,"0.03","Documentary"
"cbd69447-6141-4d27-80e4-3d24b6720c99",51,"Other","Premium","1.37",60,"South America","Tablet","17.99",1,"PayPal",4,"0.02","Action"
"f8a4d03b-fdf7-4ee5-86e9-411e45645bae",22,"Male","Premium","2.14",52,"Oceania","TV","17.99",1,"PayPal",2,"0.04","Horror"
"2c38e8ff-cf40-454e-b3b0-740af2a79dc4",58,"Female","Standard","2.53",54,"Europe","Desktop","13.99",1,"Gift Card",5,"0.05","Sci-Fi"
"ed940bf8-aee8-4084-aea0-c94146d3a17c",59,"Male","Standard","1.86",40,"South America","Laptop","13.99",1,"Crypto",5,"0.05","Drama"
"f33fab0f-cdc4-4f27-927b-71b8540f1645",63,"Female","Basic","1.84",15,"South America","Desktop","8.99",1,"Debit Card",3,"0.12","Action"
"63a5e679-c714-4728-b7b1-bd682373e173",23,"Other","Basic","1.04",59,"South America","Tablet","8.99",1,"Credit Card",4,"0.02","Comedy"
"36c1e728-81e6-4d66-99a2-cc8773d2db30",42,"Other","Standard","0.02",38,"Europe","Desktop","13.99",1,"Crypto",3,"0","Romance"
"351a84a4-4945-4956-a4f9-191886ec3e59",22,"Female","Standard","2.14",44,"Oceania","Laptop","13.99",1,"Crypto",4,"0.05","Sci-Fi"
"17eb2d4c-2069-4247-9ced-33e6af1ccd4f",41,"Female","Premium","1.35",59,"Asia","Laptop","17.99",1,"PayPal",1,"0.02","Horror"
"a7a5f733-c699-45ee-8aa3-22d484d8dfba",43,"Male","Premium","2.23",29,"Oceania","Laptop","17.99",1,"Gift Card",1,"0.07","Documentary"
"de6ffcd0-4344-4bc7-9f81-0a47b718b1c6",48,"Female","Standard","0.81",54,"North America","Mobile","13.99",1,"Credit Card",1,"0.01","Action"
"6733fa88-2c22-4289-8f9d-2738f2f223f2",67,"Female","Basic","0.34",16,"Europe","Mobile","8.99",1,"Gift Card",4,"0.02","Horror"
"16e5f52c-b9a9-4682-bd78-bab672de433f",48,"Male","Basic","2.12",52,"North America","Laptop","8.99",1,"Crypto",5,"0.04","Documentary"
"581e6697-714a-4270-a0ee-fa3f59b0af0c",46,"Female","Standard","3.07",51,"Europe","Tablet","13.99",1,"Crypto",2,"0.06","Documentary"
"803ceff0-36a0-4703-bf52-cad1d975542f",53,"Male","Basic","0.09",18,"Africa","Mobile","8.99",1,"PayPal",3,"0","Comedy"
"73f751c7-8c61-4e76-83b6-452af6a4ede5",33,"Female","Premium","3.91",11,"Oceania","Desktop","17.99",1,"Debit Card",2,"0.33","Comedy"
"b599a0ed-bf0a-45bb-aeb6-0722f73a50fa",67,"Male","Standard","1.71",47,"Asia","Tablet","13.99",1,"Crypto",2,"0.04","Romance"
"da72bd4b-af88-4044-9054-b1256e865aa1",37,"Female","Premium","0.56",50,"Europe","TV","17.99",1,"Debit Card",3,"0.01","Documentary"
"0a66cb6f-a8c4-44db-bce7-81a5c9e5e968",54,"Female","Premium","1.42",59,"South America","Laptop","17.99",1,"Credit Card",5,"0.02","Documentary"
"6c1223e7-81e1-4917-85e5-1a4c20152121",65,"Other","Basic","4.92",44,"Oceania","Tablet","8.99",1,"Crypto",5,"0.11","Comedy"
"9cf92281-2835-407d-8baf-930f65d4a895",40,"Other","Premium","2.14",12,"South America","TV","17.99",1,"Crypto",1,"0.16","Action"
"58edff7e-fe12-4847-9d63-96fca02927aa",34,"Other","Basic","4.51",39,"South America","Desktop","8.99",1,"Crypto",4,"0.11","Action"
"14fd0c3d-7c20-4f74-b705-fc894aafc0e6",69,"Other","Standard","1.33",22,"Africa","Laptop","13.99",1,"Gift Card",3,"0.06","Horror"
"ac571168-447d-4a33-9a0e-9ecf66da13a2",41,"Male","Standard","1.87",37,"Europe","Desktop","13.99",1,"Crypto",2,"0.05","Sci-Fi"
"5f50140b-1f81-4e05-bf0d-e2efdf9d83d0",69,"Male","Standard","0.36",50,"Europe","Desktop","13.99",1,"Credit Card",2,"0.01","Documentary"
"3687107c-7c9b-40ff-86e7-2d0636774a48",20,"Other","Standard","0.68",35,"North America","Desktop","13.99",1,"Debit Card",1,"0.02","Comedy"
"97532dfe-a293-4674-8dc1-1a90ca1e2925",28,"Other","Premium","4.3",21,"North America","Laptop","17.99",1,"Gift Card",1,"0.2","Romance"
"d2a0854f-8b84-470a-8f81-ce7c2949e216",63,"Male","Basic","4.09",55,"South America","Desktop","8.99",1,"Credit Card",1,"0.07","Romance"
"f8c37904-7754-4f4f-a0a6-6c300f52d1b9",51,"Other","Standard","1.12",34,"Africa","Laptop","13.99",1,"Gift Card",1,"0.03","Documentary"
"85745954-f001-4b50-a3a8-89081a78fdb3",43,"Female","Standard","3.24",23,"South America","Laptop","13.99",1,"Gift Card",5,"0.14","Drama"
"44ae8a3c-93f0-4ffa-80ab-a04b49d288ce",31,"Other","Basic","2.82",19,"Africa","Laptop","8.99",1,"Debit Card",4,"0.14","Sci-Fi"
"0bc417ee-3f71-4373-a8cc-331b1aa4a350",48,"Other","Basic","1.61",41,"Africa","Laptop","8.99",1,"Credit Card",2,"0.04","Drama"
"0c872601-857c-425d-813a-07043f66be87",62,"Other","Basic","4.14",38,"North America","Mobile","8.99",1,"PayPal",1,"0.11","Comedy"
"f3763f9d-ced2-4983-9cfa-203770b1f23d",60,"Male","Basic","3.09",35,"South America","Tablet","8.99",1,"Gift Card",2,"0.09","Romance"
"5f4ae876-26fa-4e2d-a50c-06cc47a357a5",18,"Other","Standard","0.24",24,"Africa","Mobile","13.99",1,"Gift Card",5,"0.01","Drama"
"6065d8f7-08e7-421c-ab2c-0f3401c1007e",54,"Male","Premium","4.81",27,"North America","TV","17.99",1,"Debit Card",3,"0.17","Documentary"
"4b3a58cf-f92e-40ab-bfe3-9203f6b813ea",53,"Female","Standard","2.23",22,"Europe","Desktop","13.99",1,"Credit Card",2,"0.1","Romance"
"7e08b75e-d8c2-4370-917d-99e19d660ed3",52,"Other","Basic","4.08",37,"Africa","Desktop","8.99",1,"PayPal",4,"0.11","Romance"
"ecd05571-5133-452b-a15c-58b1d6fcf55b",70,"Female","Standard","2.21",56,"Europe","Tablet","13.99",1,"Gift Card",5,"0.04","Documentary"
"b0e1e6b6-595d-40f5-9190-bda8ffaf670c",49,"Female","Standard","4.38",43,"Europe","TV","13.99",1,"Debit Card",3,"0.1","Romance"
"646fdaf5-1306-44f0-b02d-00ae75a929ae",31,"Female","Basic","3.77",12,"South America","Laptop","8.99",1,"Credit Card",2,"0.29","Documentary"
"a29a6a04-1baa-41ca-a6f8-8975da13ccac",29,"Other","Premium","2.06",24,"Europe","Mobile","17.99",1,"Gift Card",1,"0.08","Horror"
"35687a5e-84aa-4fd3-8a35-6d2c4ede909e",46,"Female","Premium","4.16",13,"North America","Tablet","17.99",1,"Debit Card",2,"0.3","Sci-Fi"
"5709d5c3-d7e3-44cb-a414-0401be7a414d",43,"Female","Basic","1.51",29,"North America","Desktop","8.99",1,"Credit Card",2,"0.05","Documentary"
"f0d90afa-ac9b-4248-9f1f-d262d266696b",44,"Female","Standard","0.55",51,"Asia","Tablet","13.99",1,"Crypto",2,"0.01","Documentary"
"5f99dc80-0876-4938-9f32-32f8121def1d",54,"Male","Basic","2.28",17,"Asia","TV","8.99",1,"PayPal",2,"0.13","Horror"
"b253557e-7e9f-42e7-a964-08409512972c",52,"Female","Basic","1.59",29,"South America","TV","8.99",1,"PayPal",3,"0.05","Action"
"80fa0811-9079-4a4e-bee3-27d5d809118c",55,"Other","Basic","1.38",52,"South America","Tablet","8.99",1,"Gift Card",5,"0.03","Documentary"
"41816b3f-56f6-43bf-9115-971ba7dc242f",45,"Other","Basic","3.95",38,"Africa","Tablet","8.99",1,"Gift Card",1,"0.1","Documentary"
"36490c08-2bed-473e-b421-f79d03e44d36",34,"Other","Standard","1.55",15,"Asia","Desktop","13.99",1,"Debit Card",3,"0.1","Sci-Fi"
"b041cc34-ff46-4f7c-8983-f68f29c0d3ef",23,"Other","Premium","4.46",50,"North America","Desktop","17.99",1,"Crypto",3,"0.09","Horror"
"dd14a766-3108-4397-9422-525fac071e57",34,"Male","Standard","4.26",22,"South America","Laptop","13.99",1,"Credit Card",3,"0.19","Sci-Fi"
"1accc892-44fa-4be9-bfc4-c9168ec4417a",28,"Male","Standard","1.17",34,"Asia","Laptop","13.99",1,"PayPal",4,"0.03","Comedy"
"07c019ac-78fd-4f04-99b3-ed1efce17ed2",37,"Male","Standard","4.65",15,"Africa","Laptop","13.99",1,"Credit Card",3,"0.29","Horror"
"eeafbbe8-c130-4215-98cb-2c50590d4c36",64,"Female","Basic","3.25",44,"Asia","Laptop","8.99",1,"Credit Card",1,"0.07","Drama"
"b6c7f41f-f9fd-4915-a4b5-eb9eddfcca2f",69,"Female","Basic","4.81",46,"North America","Laptop","8.99",1,"Debit Card",3,"0.1","Action"
"a70da997-2a45-4bb6-bb24-e40964941eff",55,"Female","Standard","3.68",35,"North America","Laptop","13.99",1,"Crypto",5,"0.1","Horror"
"b47423e0-fc07-4c45-93e9-5de5f180c69b",44,"Male","Basic","0.6",47,"Africa","Desktop","8.99",1,"PayPal",5,"0.01","Comedy"
"4bb2258b-b1bf-4e4a-8e25-5738517e9917",35,"Other","Premium","2.43",58,"Africa","TV","17.99",1,"Credit Card",2,"0.04","Action"
"45cd4327-0de3-43a8-a581-0bdd0432030d",45,"Female","Standard","2.52",23,"Europe","Desktop","13.99",1,"Debit Card",1,"0.1","Documentary"
"672a8d38-e6ed-4649-8b8f-e31ceedeea37",52,"Male","Premium","1.81",23,"North America","Mobile","17.99",1,"Debit Card",3,"0.08","Documentary"
"b9802ea9-5c98-4d4a-a77c-6de878d22ea4",34,"Female","Premium","4.59",31,"Oceania","Desktop","17.99",1,"Gift Card",2,"0.14","Sci-Fi"
"349f7e43-7477-4e48-860d-b838ad415b1c",25,"Male","Standard","2.96",25,"Africa","Laptop","13.99",1,"Credit Card",1,"0.11","Comedy"
"887de878-c150-46f7-9bf5-58c7ef8ce74e",55,"Male","Basic","3.66",11,"Asia","TV","8.99",1,"Credit Card",4,"0.3","Sci-Fi"
"291d76b3-d8c3-406e-803f-c9e04fb283de",55,"Other","Basic","0.67",24,"Europe","Desktop","8.99",1,"PayPal",3,"0.03","Horror"
"aaa4f493-b841-42d0-a7ca-644ad0512c3a",28,"Male","Basic","3.72",56,"Asia","Laptop","8.99",1,"Debit Card",3,"0.07","Horror"
"565b0478-0a6f-4900-b6b6-285e6656bb91",66,"Other","Basic","1.89",22,"Africa","Desktop","8.99",1,"PayPal",2,"0.08","Action"
"356a678e-8341-481b-b1dd-c3bf8085cdf3",70,"Female","Basic","4.04",52,"Asia","Mobile","8.99",1,"Crypto",3,"0.08","Drama"
"a902ec06-7bed-4c3d-b664-5e26fc183d7c",30,"Male","Basic","1.5",41,"Europe","Tablet","8.99",1,"Crypto",1,"0.04","Romance"
"32484385-55d4-4c6a-ad1a-834abeaaa883",44,"Other","Standard","1.46",59,"North America","Tablet","13.99",1,"PayPal",1,"0.02","Documentary"
"1227b01e-1600-46ac-b14f-3991a895796a",56,"Male","Basic","2.02",23,"North America","TV","8.99",1,"Credit Card",5,"0.08","Documentary"
"64f688c6-0b4c-451a-94f9-48a66dd0139d",48,"Male","Premium","0.84",43,"Africa","Mobile","17.99",1,"Crypto",4,"0.02","Horror"
"d20c3cd3-e949-4026-a0af-1b9392f4d466",56,"Female","Basic","0.8",18,"North America","Desktop","8.99",1,"PayPal",3,"0.04","Romance"
"16baff30-d637-4241-9b5f-1d0451f30375",40,"Other","Premium","0.52",26,"North America","Mobile","17.99",1,"PayPal",2,"0.02","Documentary"
"8b811175-e9c7-4a47-9e23-1b92a6a498aa",58,"Male","Premium","3.2",53,"Africa","Desktop","17.99",1,"Crypto",1,"0.06","Sci-Fi"
"d13f6fc0-7d6e-4dce-9798-93a1c6162887",51,"Other","Standard","1.14",55,"Asia","Laptop","13.99",1,"Crypto",1,"0.02","Drama"
"00108bd6-c0ee-42f0-8809-e5be2b6cd12a",25,"Male","Premium","0.98",30,"North America","Mobile","17.99",1,"Crypto",1,"0.03","Horror"
"5254de27-f444-44d4-bc79-08efebefaa4b",30,"Male","Standard","1.65",58,"Europe","Mobile","13.99",1,"Crypto",5,"0.03","Horror"
"ddb275d9-4e72-4fa7-8ce6-d3d458a81cf3",67,"Female","Standard","0.28",51,"Asia","Laptop","13.99",1,"Gift Card",1,"0.01","Drama"
"6e118d2b-80ba-4226-8a1a-cdacad3f4448",27,"Female","Basic","0.67",22,"Africa","Mobile","8.99",1,"Crypto",2,"0.03","Drama"
"ca6c9e3c-8993-450d-b1fb-49cc7afd440e",18,"Female","Premium","4.94",39,"South America","Mobile","17.99",1,"Crypto",5,"0.12","Horror"
"aef0ea56-6758-44c7-88b6-32d7ca0556ca",51,"Female","Premium","1.46",35,"Oceania","Tablet","17.99",1,"PayPal",3,"0.04","Action"
"fb963246-a793-4d70-a015-0402e3173f5a",36,"Female","Standard","2.59",36,"North America","Desktop","13.99",1,"Debit Card",2,"0.07","Comedy"
"bfbe5804-1dc1-452b-b92b-a483c5eeb76b",67,"Other","Premium","2.51",25,"Africa","Tablet","17.99",1,"Credit Card",3,"0.1","Romance"
"fcd90302-e7f6-4679-ac49-cffe71a7ee46",54,"Other","Premium","3.66",40,"Oceania","TV","17.99",1,"Gift Card",1,"0.09","Documentary"
"b3b8b32a-3b18-4ef3-86ff-424d50eef43f",68,"Female","Standard","3.06",59,"Europe","Desktop","13.99",1,"Gift Card",5,"0.05","Documentary"
"ee0c0189-40a6-4894-a64a-5c23b3f6b5a2",48,"Male","Standard","1.93",50,"Asia","TV","13.99",1,"Gift Card",4,"0.04","Drama"
"b5c5a9ff-0db7-466e-b0cd-e2948bd83e94",54,"Male","Basic","2.54",52,"Europe","Laptop","8.99",1,"PayPal",4,"0.05","Romance"
"dc518d2a-a7f9-4120-8407-01ccb6efe5cb",47,"Male","Premium","2.11",58,"Oceania","Tablet","17.99",1,"Gift Card",2,"0.04","Horror"
"ee70356f-8d7b-4674-bdc8-ee84bf93e296",45,"Female","Premium","3.91",44,"Africa","Desktop","17.99",1,"Credit Card",3,"0.09","Comedy"
"f1bf566a-dde7-4e4f-8895-4e30277b67fe",36,"Other","Basic","1.82",55,"Europe","Laptop","8.99",1,"PayPal",2,"0.03","Sci-Fi"
"08141b17-2f86-464f-ac79-eac660142aab",58,"Male","Standard","4.83",49,"Asia","TV","13.99",1,"PayPal",4,"0.1","Documentary"
"1560ad96-084e-4aee-9acd-5e46ee8105e4",65,"Female","Basic","4.09",18,"Europe","Mobile","8.99",1,"Credit Card",2,"0.22","Drama"
"c0d31bac-2ab7-4f02-a3b0-d9b5a0e1c03d",68,"Male","Basic","3.01",27,"Africa","Tablet","8.99",1,"Crypto",3,"0.11","Drama"
"8196f9c1-0f8f-4a56-9eb3-baa2012b65d4",28,"Male","Premium","4.49",50,"Oceania","Desktop","17.99",1,"Crypto",4,"0.09","Drama"
"92c683ff-034e-4bdd-8c27-d196a4676bed",25,"Female","Premium","4.05",34,"Asia","Desktop","17.99",1,"Gift Card",2,"0.12","Documentary"
"693f8ac0-ef10-4a05-9f43-07e089edab75",51,"Other","Standard","4.98",28,"South America","Tablet","13.99",1,"Gift Card",5,"0.17","Sci-Fi"
"f376f532-f75b-4c60-b56e-08527a7facca",23,"Male","Standard","0.29",58,"Europe","Desktop","13.99",1,"Gift Card",2,"0","Documentary"
"5b5ea547-92ab-40fa-8576-69d92d37557b",23,"Other","Basic","0.03",60,"North America","TV","8.99",1,"PayPal",1,"0","Comedy"
"910ccab4-1c1a-4591-94c7-8399939f3480",58,"Female","Premium","3.44",17,"Europe","Laptop","17.99",1,"Crypto",3,"0.19","Comedy"
"6e99dfd5-3046-4724-8933-41ed69d81932",57,"Male","Basic","0.06",39,"North America","TV","8.99",1,"Crypto",4,"0","Sci-Fi"
"97bb6237-30a3-4795-b9dd-036113d4b3b3",26,"Female","Premium","0.97",49,"South America","Mobile","17.99",1,"PayPal",1,"0.02","Action"
"efba9209-3221-4892-8d96-23146aef4424",37,"Male","Basic","3.05",15,"South America","Tablet","8.99",1,"Gift Card",3,"0.19","Sci-Fi"
"8eb5037d-cf60-465e-a7b6-fc940311b87b",63,"Other","Standard","0.83",41,"Asia","Mobile","13.99",1,"Gift Card",2,"0.02","Comedy"
"0a8bc259-eb14-4cdf-8add-0d96ac8f1646",18,"Other","Premium","2.19",24,"Africa","Mobile","17.99",1,"Crypto",1,"0.09","Documentary"
"07bb46a2-c255-4133-8fec-c0b3ac944990",25,"Female","Premium","0.27",60,"North America","Tablet","17.99",1,"Gift Card",1,"0","Drama"
"a673ecc2-3f9e-49c8-a8a0-33518170fc75",26,"Other","Basic","0.75",59,"North America","Tablet","8.99",1,"Crypto",2,"0.01","Horror"
"e4c0bdd0-8887-4794-83d0-90bcf550e7f8",25,"Male","Standard","4.45",41,"North America","TV","13.99",1,"Gift Card",2,"0.11","Documentary"
"f6271f82-73c1-4c68-94f0-00a8c7ee3ec1",33,"Female","Basic","0.6",41,"South America","Tablet","8.99",1,"Debit Card",3,"0.01","Documentary"
"fbdfea76-1ced-4cf1-96dd-6c38e159ddbb",48,"Other","Premium","1.67",14,"Asia","Laptop","17.99",1,"Gift Card",3,"0.11","Sci-Fi"
"c95f2368-372e-46c4-9f3d-1c82a301fd78",21,"Other","Basic","0.15",48,"Asia","Mobile","8.99",1,"Credit Card",4,"0","Action"
"4fd24bc2-10ac-4a18-96cd-1f062ba5024c",20,"Male","Standard","2.89",13,"South America","Desktop","13.99",1,"Debit Card",2,"0.21","Sci-Fi"
"81f9ef23-4a14-44ac-9c0d-8322b1588958",44,"Female","Basic","0.65",59,"Africa","TV","8.99",1,"PayPal",4,"0.01","Horror"
"fd89085e-0ec9-40aa-8b8b-b72b7ca501da",29,"Other","Premium","4.19",54,"South America","Desktop","17.99",1,"Credit Card",1,"0.08","Sci-Fi"
"eb8761bc-db4a-4e20-951a-e00522afcb18",50,"Other","Premium","2.77",49,"South America","Mobile","17.99",1,"Debit Card",4,"0.06","Drama"
"c7d025b0-f633-4505-8793-1401f9c0f412",49,"Other","Basic","3.07",44,"South America","Tablet","8.99",1,"Crypto",1,"0.07","Romance"
"94f9f356-3b73-4a86-95d0-d27829bd0717",23,"Other","Premium","1.43",30,"Europe","TV","17.99",1,"Gift Card",5,"0.05","Sci-Fi"
"a1e0529c-84b2-4403-b3c1-6c64aa9e23cc",21,"Male","Basic","0.92",57,"Africa","Laptop","8.99",1,"Crypto",2,"0.02","Action"
"2e278144-386b-48ff-9777-dbe15a249e13",44,"Male","Standard","2",40,"Oceania","Laptop","13.99",1,"Gift Card",1,"0.05","Action"
"5675244b-3663-4d14-9b6b-b076128889a5",57,"Female","Basic","0.95",58,"Asia","TV","8.99",1,"Credit Card",5,"0.02","Comedy"
"d3911e59-4ea8-4fa9-aeef-5bfb155c103b",63,"Male","Premium","0.3",56,"Oceania","Mobile","17.99",1,"Crypto",3,"0.01","Horror"
"8c796d6a-ee93-4640-b9a9-7556b5a1a07d",57,"Female","Premium","0.66",59,"Oceania","Tablet","17.99",1,"PayPal",5,"0.01","Comedy"
"eab99641-f7e9-4cba-a913-e1880044e640",22,"Female","Standard","0.48",24,"North America","Desktop","13.99",1,"Gift Card",2,"0.02","Romance"
"aad6f51a-1c6f-46b7-aa7b-768352ed8d1c",57,"Other","Basic","2.08",14,"North America","Mobile","8.99",1,"Credit Card",5,"0.14","Action"
"a7cc0271-0b4c-4da5-869b-7b59ce57d0bd",54,"Other","Standard","3.22",12,"Africa","Laptop","13.99",1,"Credit Card",1,"0.25","Drama"
"9d8871fd-6726-4bdd-b846-4a19c7d197bc",18,"Male","Standard","1.68",19,"South America","Laptop","13.99",1,"Crypto",4,"0.08","Sci-Fi"
"efb1d2d1-e437-4a9d-a0e4-6b1da652541e",47,"Female","Premium","3.51",50,"Oceania","Mobile","17.99",1,"Crypto",1,"0.07","Romance"
"ebd6f9c6-f04e-402a-b3b5-e35e3d1752ca",29,"Female","Basic","0.39",45,"Africa","TV","8.99",1,"Debit Card",5,"0.01","Comedy"
"5bde9c98-533b-4ba8-8d0d-aed2782d2684",30,"Other","Basic","0.28",56,"Africa","Mobile","8.99",1,"PayPal",2,"0","Horror"
"5bb7086d-a632-48c5-9b57-a2ff4dc934f8",24,"Male","Basic","3.55",59,"Asia","Laptop","8.99",1,"PayPal",3,"0.06","Drama"
"fcd98704-3381-4da8-a9d0-85206456ca0b",22,"Female","Premium","1.03",44,"Africa","TV","17.99",1,"Debit Card",2,"0.02","Drama"
"03473cbb-116f-4f83-86c0-50d5889eff11",62,"Female","Basic","3.62",34,"Africa","Mobile","8.99",1,"PayPal",3,"0.1","Drama"
"1cec8e1a-078f-4340-ba27-a583a615df39",56,"Female","Basic","2.54",39,"North America","Desktop","8.99",1,"PayPal",5,"0.06","Sci-Fi"
"33fa6e25-f271-47d9-8a29-de91bc1af0d5",38,"Male","Standard","2.76",30,"North America","Desktop","13.99",1,"Gift Card",4,"0.09","Drama"
"8388cf02-9398-4b74-b67b-56d7a074612e",39,"Other","Basic","2.52",52,"Oceania","Desktop","8.99",1,"PayPal",2,"0.05","Romance"
"1a594ae9-af38-4c31-a00b-a1cf439139bc",43,"Male","Basic","1.18",31,"Asia","Desktop","8.99",1,"Debit Card",1,"0.04","Action"
"ea9dd8be-c392-42e1-8ccc-ace56b211966",47,"Male","Basic","0.83",42,"North America","TV","8.99",1,"Credit Card",2,"0.02","Horror"
"6b31ebd3-0df5-4c2f-a137-a81d2c18e90a",32,"Female","Standard","1.7",45,"Africa","Mobile","13.99",1,"Gift Card",5,"0.04","Comedy"
"984f7f4a-0e12-47d7-8f25-00433e9a81ab",29,"Female","Standard","0.24",23,"Oceania","TV","13.99",1,"Credit Card",2,"0.01","Documentary"
"b2976ddf-b2bb-4870-8fcf-2377c119d2cd",66,"Other","Premium","1.4",23,"Asia","Laptop","17.99",1,"Gift Card",2,"0.06","Documentary"
"4b4e57f2-0dce-4598-885f-71fa5662cf0e",24,"Other","Basic","3.05",54,"Oceania","Desktop","8.99",1,"Gift Card",3,"0.06","Drama"
"7e4e462c-f211-4671-b964-ee732464853e",67,"Female","Basic","3.68",34,"North America","Tablet","8.99",1,"PayPal",1,"0.11","Sci-Fi"
"1df5b1e8-8112-471d-80aa-74af1982324f",57,"Female","Basic","1.24",52,"Europe","Desktop","8.99",1,"Credit Card",4,"0.02","Sci-Fi"
"eb295874-e3cf-4c03-8fcc-0d20f7002487",31,"Male","Basic","1.04",46,"South America","TV","8.99",1,"PayPal",1,"0.02","Romance"
"d6b8270f-7185-40df-9965-535dc995fafb",69,"Other","Premium","3.66",53,"Oceania","TV","17.99",1,"Crypto",4,"0.07","Sci-Fi"
"ca45e25e-8bdd-4799-8c0c-2eccdcb6bbf2",68,"Female","Standard","2.58",37,"South America","Tablet","13.99",1,"Debit Card",3,"0.07","Sci-Fi"
"bb097e87-3e4e-40ad-b791-cd342f7ad67b",56,"Female","Basic","2.15",12,"South America","Laptop","8.99",1,"PayPal",5,"0.17","Drama"
"6dde2c86-7593-4d49-aee0-38ae33b01060",69,"Male","Standard","4.86",27,"North America","Desktop","13.99",1,"Gift Card",3,"0.17","Horror"
"ea172916-31b9-429f-b590-a746507bb20e",28,"Male","Premium","2.01",35,"Europe","Tablet","17.99",1,"Gift Card",2,"0.06","Documentary"
"eb0149c4-6c4f-4467-92f1-32a3745766f7",69,"Other","Basic","3.12",47,"South America","Mobile","8.99",1,"Crypto",3,"0.07","Documentary"
"0066a45e-d10f-4519-9e4a-15e32388ad00",60,"Female","Standard","1.85",28,"Africa","Mobile","13.99",1,"PayPal",3,"0.06","Comedy"
"41750832-10d6-4ce6-ae6c-494a1d849b0a",33,"Female","Standard","1.32",36,"South America","Laptop","13.99",1,"Crypto",1,"0.04","Drama"
"a952d34f-2ec1-4daf-9ee0-9c06351caa91",28,"Female","Basic","2.66",55,"Africa","Laptop","8.99",1,"Crypto",5,"0.05","Action"
"8f38ef25-91a6-42e2-947f-9d9d094a2d0d",54,"Other","Basic","1.07",59,"Europe","TV","8.99",1,"Credit Card",1,"0.02","Documentary"
"03e076ee-865e-440a-bf29-41053d4f0b3b",59,"Male","Premium","4.9",56,"Oceania","Laptop","17.99",1,"Crypto",4,"0.09","Documentary"
"37cfcd56-9185-4c3d-8049-8ac6b15e6cbb",64,"Female","Basic","3.98",58,"Oceania","Laptop","8.99",1,"PayPal",5,"0.07","Sci-Fi"
"5c619083-1760-4a87-a00a-3ca15ffccf0c",21,"Male","Premium","1.83",21,"North America","TV","17.99",1,"Gift Card",1,"0.08","Comedy"
"4d396fff-770c-4879-ab7d-562cd5347d99",31,"Other","Standard","3.9",33,"Oceania","Laptop","13.99",1,"Debit Card",3,"0.11","Action"
"e9c0e33c-d11c-49fe-8c0a-7cd7c19bccb6",20,"Female","Basic","1.27",46,"Asia","Desktop","8.99",1,"PayPal",1,"0.03","Horror"
"6ef75419-014d-484f-b0b5-ad892dc6355a",18,"Male","Basic","3.11",48,"Europe","TV","8.99",1,"Credit Card",2,"0.06","Sci-Fi"
"3e5ca0e8-0ee4-442c-a7d5-42e317f42e32",28,"Female","Standard","0.61",59,"Africa","Laptop","13.99",1,"Gift Card",5,"0.01","Romance"
"1ef03e82-e34c-4c29-b256-b321b3a5ce99",62,"Male","Premium","0.99",43,"Asia","Mobile","17.99",1,"Debit Card",5,"0.02","Documentary"
"900d8e75-3067-4dfb-8193-9f2a21e0678e",57,"Female","Basic","2.86",49,"Europe","Desktop","8.99",1,"Debit Card",2,"0.06","Documentary"
"eb0d1e13-35b7-472c-a39c-c5211ebb80e4",45,"Male","Basic","4.22",18,"Africa","Desktop","8.99",1,"Crypto",3,"0.22","Sci-Fi"
"1b49ab1b-80c6-48a5-8fa2-99155b0d743d",20,"Male","Basic","1.4",51,"South America","TV","8.99",1,"Gift Card",4,"0.03","Comedy"
"84e37d64-6055-4386-ba92-21d96a511b3b",62,"Other","Standard","4.16",29,"Europe","Desktop","13.99",1,"PayPal",3,"0.14","Sci-Fi"
"2b7bf795-ccef-4bca-93a6-d00318b73c50",38,"Female","Standard","0.9",35,"North America","Desktop","13.99",1,"PayPal",2,"0.03","Sci-Fi"
"18a5612d-f555-46c6-ad9a-ec247c068c0e",39,"Other","Premium","4",32,"South America","Mobile","17.99",1,"Debit Card",2,"0.12","Horror"
"cc8ec647-33c7-46cf-af2b-141363c9314f",19,"Male","Basic","2.79",33,"Oceania","Tablet","8.99",1,"PayPal",4,"0.08","Sci-Fi"
"b6a5e8ca-ccd7-4fca-a1d3-949bffc746cf",18,"Other","Basic","2.13",20,"Oceania","Laptop","8.99",1,"Credit Card",1,"0.1","Sci-Fi"
"9084d77f-70c5-4e36-91f5-57f8f36c20c7",42,"Male","Premium","3.49",55,"Oceania","Tablet","17.99",1,"Gift Card",4,"0.06","Horror"
"75213958-6f81-4fc1-a446-5eafb01dca12",30,"Female","Basic","4.39",52,"North America","TV","8.99",1,"Credit Card",3,"0.08","Drama"
"47787f39-8e7e-44fb-b179-442e3735f82f",58,"Other","Standard","0.37",60,"Europe","Tablet","13.99",1,"Debit Card",5,"0.01","Documentary"
"9f3553ad-d5b2-4d08-85f8-1560403a619d",29,"Male","Premium","0.69",41,"Oceania","Tablet","17.99",1,"Debit Card",5,"0.02","Action"
"435ccceb-38f8-40a8-86eb-7629bd3d9c54",56,"Male","Basic","3.26",20,"North America","Laptop","8.99",1,"PayPal",3,"0.16","Comedy"
"9927198c-86e3-4f28-a6ce-397acc4caf69",26,"Other","Standard","4.31",13,"South America","Mobile","13.99",1,"Debit Card",1,"0.31","Comedy"
"5387eb2d-2e8e-47aa-a12f-9202951e5f69",69,"Male","Basic","1.13",24,"Africa","Tablet","8.99",1,"Credit Card",3,"0.05","Romance"
"3080b07c-545a-4370-9485-b288de08764f",24,"Female","Standard","1.68",45,"Asia","Mobile","13.99",1,"Credit Card",3,"0.04","Comedy"
"c0874a78-dcb0-4a64-b41d-1995f7c54cab",48,"Other","Standard","3.22",33,"Asia","Desktop","13.99",1,"PayPal",1,"0.09","Comedy"
"d87c00e4-e192-46ea-a7cf-353a90d06715",35,"Female","Premium","1.84",30,"Asia","Desktop","17.99",1,"Crypto",3,"0.06","Horror"
"c8a454e7-9cfd-41de-a06e-f0251becf007",30,"Female","Premium","3.63",35,"Europe","Desktop","17.99",1,"PayPal",3,"0.1","Drama"
"f933c9ef-6e58-4e70-b20d-e7d40e7c0ea2",39,"Female","Standard","1.72",24,"Asia","Tablet","13.99",1,"Gift Card",5,"0.07","Drama"
"14505c8a-5d16-4808-8a62-75fcdfbb28d1",28,"Other","Premium","0.68",53,"North America","Laptop","17.99",1,"Crypto",1,"0.01","Comedy"
"a20bd2c0-01c9-46f2-883e-addc3a0b0ab3",50,"Male","Standard","1.96",60,"Oceania","Laptop","13.99",1,"Crypto",2,"0.03","Horror"
"df6931fb-0022-4c8a-a665-d7a6fa7e896d",46,"Female","Premium","0.5",51,"South America","Tablet","17.99",1,"Debit Card",4,"0.01","Comedy"
"4accb3d6-cb3e-4912-955e-5c7ab5b2f60a",57,"Female","Basic","0.71",42,"North America","TV","8.99",1,"Debit Card",4,"0.02","Sci-Fi"
"ee1c6064-32f6-488d-b0c5-e7ff7fc46d64",37,"Other","Premium","1.32",47,"North America","Desktop","17.99",1,"PayPal",3,"0.03","Drama"
"37d89df6-e945-4365-b6bf-f153ff42dba6",39,"Male","Basic","0.21",39,"South America","Laptop","8.99",1,"PayPal",3,"0.01","Action"
"0b23f53c-b88a-4f84-9ad7-a5c6c58468c1",63,"Female","Standard","3.86",14,"Europe","Mobile","13.99",1,"Crypto",5,"0.26","Documentary"
"a07f537a-651f-4bfd-894c-91d437fe5a2f",20,"Male","Premium","2.04",52,"Africa","Laptop","17.99",1,"Debit Card",5,"0.04","Action"
"005bfa8f-2b5b-4b77-8285-3bf38fc632da",24,"Female","Premium","0.98",46,"Europe","Laptop","17.99",1,"Debit Card",4,"0.02","Romance"
"acccbbd5-848f-4151-a9e8-33e653d4e494",46,"Other","Standard","4",42,"Asia","Laptop","13.99",1,"Credit Card",3,"0.09","Comedy"
"86222aa8-5671-4c15-b626-a0b47e66afcf",30,"Male","Premium","2.19",24,"Asia","Laptop","17.99",1,"Gift Card",5,"0.09","Romance"
"fd0ef1ea-371a-4e71-8fb7-c9a05f7ccd03",41,"Other","Premium","0.87",33,"South America","Tablet","17.99",1,"PayPal",4,"0.03","Documentary"
"3fede56d-0d7a-4aa2-93b7-acc1341f620b",41,"Female","Premium","0.43",60,"Europe","Laptop","17.99",1,"Debit Card",3,"0.01","Action"
"fb35081c-372b-46f2-afb1-a239c1ca535b",65,"Other","Standard","1.64",15,"South America","Tablet","13.99",1,"Crypto",2,"0.1","Horror"
"0090f79e-a776-489a-9112-5f71e7870f94",53,"Female","Standard","0.89",42,"Europe","TV","13.99",1,"Credit Card",3,"0.02","Romance"
"cfe10e0f-1aac-495b-b869-4af2359dbb3a",21,"Other","Standard","3.18",41,"Europe","Laptop","13.99",1,"PayPal",1,"0.08","Documentary"
"3fa23200-518c-4593-983c-1114bf8ee2e7",63,"Other","Standard","3.13",45,"North America","Laptop","13.99",1,"Gift Card",2,"0.07","Sci-Fi"
"99700d41-55b7-4d78-acd3-86a1060d880c",53,"Female","Basic","0.19",25,"North America","Laptop","8.99",1,"PayPal",4,"0.01","Romance"
"14032ec1-bd28-4b6e-8baf-e87a673489b1",60,"Male","Basic","4.37",59,"North America","Laptop","8.99",1,"Crypto",2,"0.07","Sci-Fi"
"bb31bd8f-7d63-4280-ada1-f1e832fcfdd6",61,"Male","Standard","2.15",33,"South America","Mobile","13.99",1,"Crypto",1,"0.06","Sci-Fi"
"eaafa153-5c55-4d3b-897c-ef6198ece521",52,"Female","Premium","2.05",24,"Africa","Mobile","17.99",1,"Gift Card",2,"0.08","Romance"
"2e409def-802a-4a41-9972-8c8864802af3",38,"Other","Basic","4.26",42,"Europe","Mobile","8.99",1,"Gift Card",5,"0.1","Action"
"f234490c-9b75-4956-9efa-ed1c14b00599",26,"Female","Basic","2.58",16,"Asia","Desktop","8.99",1,"Credit Card",5,"0.15","Horror"
"58bf1357-6164-4e5f-a325-69d1bbd93289",22,"Other","Premium","0.76",52,"South America","TV","17.99",1,"Credit Card",1,"0.01","Comedy"
"919cd49b-f1e4-4deb-82e8-ed7db297d9b8",61,"Female","Basic","4.18",47,"South America","Laptop","8.99",1,"Debit Card",2,"0.09","Drama"
"2f4b3f98-c2e9-49e2-bc44-5bfd637d4dec",30,"Female","Basic","2.56",32,"Oceania","Tablet","8.99",1,"Crypto",1,"0.08","Horror"
"2f38faa5-6695-40e3-892a-ecd94ff19800",24,"Other","Premium","2.43",32,"Oceania","TV","17.99",1,"Debit Card",2,"0.07","Documentary"
"5c4d8663-35c7-4f51-a930-5b1a7059a8b0",43,"Other","Basic","4.07",19,"Asia","Desktop","8.99",1,"Debit Card",3,"0.2","Horror"
"1934ae7e-6f01-40d2-a15c-ee3db2650f99",64,"Female","Basic","0.65",43,"Asia","Laptop","8.99",1,"PayPal",3,"0.01","Drama"
"3d36ed49-a4f4-4fb2-80ea-f90f048bc0e1",35,"Female","Standard","2.42",59,"Europe","Laptop","13.99",1,"PayPal",3,"0.04","Drama"
"e5ba5dd3-a246-4526-9616-662dd7188e7c",68,"Female","Standard","0.22",51,"Asia","Desktop","13.99",1,"Credit Card",1,"0","Sci-Fi"
"0210bc7e-5a01-4a6b-b3c1-8c1a332ab7f6",65,"Female","Standard","2.26",60,"South America","Mobile","13.99",1,"Credit Card",2,"0.04","Horror"
"520074a5-0028-44e4-b17a-199d74134190",34,"Female","Standard","1.28",57,"Africa","Tablet","13.99",1,"Crypto",4,"0.02","Romance"
"2f55007a-9682-4109-8431-2fa060e85673",18,"Female","Standard","0.25",37,"Africa","Laptop","13.99",1,"Debit Card",5,"0.01","Sci-Fi"
"17874397-5431-4e69-9bf9-19d705faab2e",19,"Male","Basic","4.46",50,"Africa","Desktop","8.99",1,"Credit Card",3,"0.09","Documentary"
"d3975aa1-9bf5-45a5-9375-ff6ced50de42",32,"Other","Premium","4.24",14,"Africa","TV","17.99",1,"Gift Card",2,"0.28","Drama"
"ab5b6ce1-4472-4987-b7ca-dd71334f9592",39,"Other","Premium","1.12",27,"North America","Mobile","17.99",1,"Gift Card",5,"0.04","Sci-Fi"
"aeb6a179-a31d-4430-9d79-388dbd8b552f",66,"Male","Basic","2.18",15,"South America","Laptop","8.99",1,"Debit Card",5,"0.14","Horror"
"b88a132f-9afd-4eb8-9e78-2d359cc78a22",26,"Male","Basic","4.27",36,"Oceania","Laptop","8.99",1,"PayPal",3,"0.12","Action"
"70877fd0-301a-4021-9bca-539c1833ae4d",18,"Male","Premium","0.72",47,"Oceania","TV","17.99",1,"Crypto",3,"0.01","Documentary"
"0e9c2a39-12f4-4bf6-be86-deaccd099fec",25,"Female","Basic","4.02",48,"North America","Desktop","8.99",1,"Credit Card",4,"0.08","Sci-Fi"
"1bc58c87-ff12-4ead-995a-c2c35062e450",32,"Female","Standard","4.69",48,"South America","Laptop","13.99",1,"Credit Card",4,"0.1","Sci-Fi"
"8728e75d-5ce9-4a44-b6ab-f53ffaacf6c5",23,"Female","Premium","3",59,"South America","Desktop","17.99",1,"Crypto",5,"0.05","Sci-Fi"
"b1b17c62-0907-4594-8477-b6d9a1de203c",61,"Female","Basic","4.48",28,"North America","Laptop","8.99",1,"Gift Card",5,"0.15","Action"
"7987069d-efaa-4d6b-bf85-de78408157c5",67,"Other","Basic","4.31",37,"Africa","Laptop","8.99",1,"Debit Card",5,"0.11","Sci-Fi"
"c7ef45c3-a8d7-4952-bf06-66e39f308471",30,"Male","Basic","1.3",56,"Africa","TV","8.99",1,"Credit Card",1,"0.02","Documentary"
"a1419778-cfb0-47d8-8e7a-bc5d093195d2",31,"Other","Standard","4.11",33,"North America","TV","13.99",1,"Crypto",5,"0.12","Drama"
"4933b25d-6722-45b2-b706-e08605c11066",38,"Female","Premium","3.26",36,"Africa","Tablet","17.99",1,"Gift Card",1,"0.09","Documentary"
"b4af5cfb-b811-4ec6-9b0e-b8fbf7de35b5",40,"Other","Standard","0.65",16,"Asia","Tablet","13.99",1,"Gift Card",5,"0.04","Horror"
"7f00af18-e9a7-464e-a6b5-b9b10a54b27d",52,"Female","Premium","2.69",54,"South America","Mobile","17.99",1,"Crypto",3,"0.05","Sci-Fi"
"1a7ac656-bafb-4e6a-a5ac-ae0416f3dbe1",33,"Female","Basic","1.96",18,"Europe","Tablet","8.99",1,"Debit Card",2,"0.1","Action"
"6034d060-391f-4f38-9ff7-870fb4d6c241",24,"Other","Basic","1.97",39,"Oceania","Mobile","8.99",1,"Credit Card",3,"0.05","Horror"
"f0b6c5bd-f49e-4cd3-90f5-29b4b00a8ab3",25,"Female","Standard","0.09",40,"North America","TV","13.99",1,"Credit Card",1,"0","Horror"
"cf036ddf-1a7e-4a72-b1ea-55b11a87b482",67,"Other","Premium","1.54",27,"Asia","Desktop","17.99",1,"Crypto",2,"0.06","Horror"
"d4fa918c-1bfb-4a9f-ab36-2179e743db0b",39,"Female","Premium","4.25",21,"South America","Laptop","17.99",1,"PayPal",3,"0.19","Sci-Fi"
"2c906f73-b731-418e-8097-95c0f874c3eb",62,"Female","Premium","1.26",34,"Africa","TV","17.99",1,"Credit Card",2,"0.04","Documentary"
"6843cc5d-4c0d-4a4f-a479-05001622c9bb",41,"Female","Standard","1.21",20,"South America","Tablet","13.99",1,"Gift Card",5,"0.06","Sci-Fi"
"da959d35-24c6-46e5-b52b-a2908e645ed7",68,"Other","Basic","0.12",26,"South America","TV","8.99",1,"Crypto",2,"0","Documentary"
"fcf7205d-ed92-45a1-a608-75f6a70e5ed7",31,"Other","Premium","0.62",39,"Europe","Tablet","17.99",1,"Gift Card",2,"0.02","Action"
"f2b16c7f-4760-4f1e-a4b2-b5e50e67fb27",26,"Other","Basic","0.94",30,"Europe","Desktop","8.99",1,"Credit Card",4,"0.03","Drama"
"6e160b44-363a-4d57-bab6-5b22e979e887",56,"Female","Basic","0.4",38,"Oceania","Mobile","8.99",1,"Debit Card",5,"0.01","Action"
"efd974fa-1dce-41ff-9d11-0d2f181559a0",66,"Male","Standard","0.8",32,"Oceania","TV","13.99",1,"Debit Card",1,"0.02","Drama"
"140050f4-0857-4a05-b012-34001d8114a6",24,"Female","Basic","1.42",40,"Oceania","Mobile","8.99",1,"Debit Card",4,"0.03","Romance"
"fae18ffd-0f18-453b-9a08-6af102c029fa",24,"Male","Basic","0.9",40,"Europe","Laptop","8.99",1,"Gift Card",5,"0.02","Documentary"
"37df711b-35ee-4ed8-83d2-922c80ffa1a1",64,"Male","Standard","1.42",42,"Oceania","Laptop","13.99",1,"PayPal",3,"0.03","Horror"
"73133473-9657-49c2-b4f8-77b2380ca309",32,"Other","Premium","4.69",12,"Asia","Mobile","17.99",1,"Credit Card",3,"0.36","Documentary"
"e19f60cc-7e74-458f-9e37-12511d3a3506",67,"Female","Premium","0.61",12,"Oceania","Tablet","17.99",1,"Crypto",3,"0.05","Documentary"
"fefecab1-579c-48fa-8803-253dfbdf42d5",34,"Male","Standard","2.89",36,"North America","TV","13.99",1,"Debit Card",3,"0.08","Sci-Fi"
"1715c4e4-7c56-4bcf-845a-4c366c39e8fc",53,"Female","Basic","0.01",55,"Africa","Mobile","8.99",1,"PayPal",3,"0","Documentary"
"1986a40f-eb95-42f1-866c-0aa905972aa5",46,"Female","Basic","4.15",50,"North America","TV","8.99",1,"Debit Card",2,"0.08","Documentary"
"b74f6b4b-a83d-4319-a121-99c5b4e1a7ed",37,"Other","Basic","1.32",11,"South America","TV","8.99",1,"Gift Card",5,"0.11","Horror"
"c26d29b3-eac5-4ac4-82a5-116833c65582",38,"Other","Premium","3.64",39,"Africa","Desktop","17.99",1,"Gift Card",5,"0.09","Drama"
"cd974314-1954-4de9-9813-63cb988be716",48,"Male","Premium","1.64",11,"North America","Mobile","17.99",1,"Gift Card",1,"0.14","Drama"
"89fa6c7c-ab59-40a0-aab5-8a9c35733ad5",27,"Other","Standard","3.92",56,"Oceania","Desktop","13.99",1,"Debit Card",1,"0.07","Drama"
"edf8770b-4690-4b30-a9da-a5bc9ef3c615",19,"Other","Premium","0.4",15,"South America","Mobile","17.99",1,"Gift Card",1,"0.03","Sci-Fi"
"8571850d-e2cd-47a6-bc93-63f2d3f9cb30",29,"Other","Standard","2.33",56,"Asia","Desktop","13.99",1,"Crypto",2,"0.04","Sci-Fi"
"77f8d2da-3f34-4a02-8780-fcaab801b7fb",62,"Other","Basic","1.31",46,"Asia","Desktop","8.99",1,"Crypto",2,"0.03","Sci-Fi"
"729ef660-eb97-4b5e-8765-4791dba2f754",41,"Female","Premium","1.5",60,"South America","Desktop","17.99",1,"Gift Card",5,"0.02","Horror"
"3c43176b-3672-4722-87a6-74a88692c573",46,"Male","Premium","4.67",58,"Asia","TV","17.99",1,"PayPal",1,"0.08","Documentary"
"0e9cfc52-27cb-4fed-97cd-46f4bbacfa31",33,"Female","Basic","1.18",42,"Asia","TV","8.99",1,"Debit Card",5,"0.03","Horror"
"0301dc2e-b1d8-46ad-a291-0f056e28896a",66,"Male","Basic","1.92",27,"South America","Laptop","8.99",1,"Gift Card",5,"0.07","Horror"
"e5bd752b-a772-4775-b45b-1f2fdd438ba7",37,"Male","Premium","3.73",31,"Asia","TV","17.99",1,"PayPal",5,"0.12","Documentary"
"23f24aaf-241e-4d60-a09e-7b0ca98bc162",35,"Other","Basic","0.57",56,"South America","Mobile","8.99",1,"PayPal",2,"0.01","Comedy"
"9fc308fa-66ba-46c2-ab5d-96a0592bfdb6",65,"Male","Standard","4.3",46,"Africa","Mobile","13.99",1,"PayPal",3,"0.09","Comedy"
"ac816925-161d-46fb-94c9-1fd98990a8a9",32,"Male","Standard","1.88",40,"North America","Tablet","13.99",1,"Crypto",4,"0.05","Romance"
"99ad0075-1330-459a-80ee-c657f8d65788",59,"Other","Premium","0.95",55,"South America","Desktop","17.99",1,"Crypto",4,"0.02","Comedy"
"32e6a570-0814-4ec5-9437-964eb1c0628c",29,"Other","Premium","1.78",51,"Oceania","Mobile","17.99",1,"Crypto",5,"0.03","Horror"
"67e5d466-d227-4f8e-9bda-0149ee523745",38,"Male","Premium","2.95",40,"Oceania","Laptop","17.99",1,"Credit Card",2,"0.07","Romance"
"d9e6a910-4984-4cba-bacc-406df78a9267",63,"Other","Basic","0.85",36,"North America","Mobile","8.99",1,"Credit Card",3,"0.02","Sci-Fi"
"46251140-d9fd-4ce3-b8dd-fb44601072b2",21,"Female","Basic","2.29",26,"Asia","TV","8.99",1,"Crypto",4,"0.08","Documentary"
"07aaee5a-c849-49f0-bc95-4ec089ebd3fd",63,"Male","Basic","3.01",60,"South America","TV","8.99",1,"Debit Card",5,"0.05","Drama"
"6c6c1bb7-6107-461d-ae34-e6759269a77d",28,"Female","Basic","2.63",54,"Europe","TV","8.99",1,"Credit Card",4,"0.05","Action"
"4264a846-1da0-44d8-b472-dee73a80502e",18,"Other","Basic","2.48",45,"Africa","Laptop","8.99",1,"Gift Card",2,"0.05","Horror"
"027c06c0-4dec-43d4-91eb-d2a5a70f92e0",49,"Female","Premium","0.48",35,"North America","Laptop","17.99",1,"PayPal",3,"0.01","Sci-Fi"
"0690ee56-dbe2-4187-9a3b-db22c49cea51",42,"Male","Standard","4.11",54,"Asia","Mobile","13.99",1,"Debit Card",1,"0.07","Sci-Fi"
"15f35d98-ef62-4252-a44a-98483ecfdc6b",26,"Male","Premium","0.73",44,"Oceania","Desktop","17.99",1,"Gift Card",5,"0.02","Sci-Fi"
"381b9550-7403-48dc-bcff-6dad9fc2fa87",27,"Female","Premium","2.66",32,"Asia","TV","17.99",1,"Gift Card",3,"0.08","Comedy"
"3ead40cc-03a1-4cf8-abf1-cfed74120c33",40,"Female","Premium","0.12",28,"Oceania","Desktop","17.99",1,"Crypto",4,"0","Romance"
"91f3fee3-3140-4e9a-a53e-b7cd3160bbb8",58,"Other","Basic","0.76",44,"Europe","Tablet","8.99",1,"Gift Card",4,"0.02","Sci-Fi"
"ac468cbb-0f55-48fd-978f-33519d3c4e8f",67,"Female","Premium","3.36",23,"North America","Tablet","17.99",1,"Credit Card",3,"0.14","Romance"
"f2cd737b-75dc-4064-bd5c-de2ee6af51c9",63,"Male","Standard","0.88",21,"Oceania","Mobile","13.99",1,"Crypto",1,"0.04","Action"
"ef8a5d14-205a-47a3-a595-acef403bffa7",57,"Male","Basic","4.15",17,"Africa","Desktop","8.99",1,"Debit Card",5,"0.23","Drama"
"af35351d-11cc-4c32-8b3c-6d477cb05b19",55,"Male","Premium","0.42",29,"Oceania","Tablet","17.99",1,"PayPal",2,"0.01","Documentary"
"cfe60bd5-d9f0-4eb7-bd59-3358e35bca91",42,"Female","Basic","2.8",40,"North America","TV","8.99",1,"Gift Card",4,"0.07","Comedy"
"2c9b21d9-8b8d-4e69-bb70-e20d34b16983",22,"Female","Standard","0.76",24,"Africa","Desktop","13.99",1,"Gift Card",2,"0.03","Sci-Fi"
"08d9dcda-cbfc-4b6b-adc8-658ae78cdcf3",29,"Female","Basic","1.77",47,"Oceania","Laptop","8.99",1,"Credit Card",3,"0.04","Documentary"
"96845736-2edd-450d-8678-2d935b5b3f09",52,"Male","Premium","3.11",50,"North America","Mobile","17.99",1,"Credit Card",4,"0.06","Comedy"
"42fb7dc0-56cd-426e-8c8e-19808925ea59",48,"Female","Basic","0.29",33,"North America","Tablet","8.99",1,"Debit Card",1,"0.01","Horror"
"2024bd7e-e873-48c0-9e44-5c66143e14a2",52,"Female","Standard","1.69",54,"South America","Laptop","13.99",1,"Debit Card",3,"0.03","Documentary"
"28e30bf4-e7c0-4579-9c38-0aee5d5ea3f2",50,"Other","Basic","0.61",16,"Asia","TV","8.99",1,"Gift Card",2,"0.04","Drama"
"179fd5bc-99d7-42ca-96e9-194c7c1068be",31,"Male","Basic","1.79",18,"Asia","Laptop","8.99",1,"Gift Card",5,"0.09","Drama"
"3fd47b85-cf5a-414e-9929-7ed51be738ab",45,"Other","Premium","3.2",57,"Oceania","TV","17.99",1,"Credit Card",1,"0.06","Sci-Fi"
"548084c6-48aa-4110-ae71-02c2cd0640d8",24,"Female","Premium","1.03",30,"Oceania","Tablet","17.99",1,"Credit Card",1,"0.03","Sci-Fi"
"faf264ee-c0a0-400b-9d77-353c6ced1a8c",25,"Male","Basic","2.95",37,"North America","TV","8.99",1,"PayPal",4,"0.08","Horror"
"f0e9091e-2431-4ab8-8bb9-444c5c39c800",58,"Male","Basic","0.36",39,"Africa","Laptop","8.99",1,"PayPal",3,"0.01","Drama"
"910c5164-93ec-4e31-88ad-549868476466",59,"Male","Standard","3.06",17,"Europe","Tablet","13.99",1,"PayPal",2,"0.17","Documentary"
"2d4805d4-31be-4eb1-940d-a328774e9e5d",41,"Other","Basic","0.86",22,"South America","TV","8.99",1,"Crypto",4,"0.04","Documentary"
"346ab0c2-f11d-4a08-a0ef-7694363f3ae0",61,"Male","Basic","3.99",33,"South America","Mobile","8.99",1,"PayPal",5,"0.12","Romance"
"6e50444c-6c08-423f-b720-847af215bd41",37,"Female","Standard","0.59",13,"Oceania","TV","13.99",1,"Credit Card",3,"0.04","Sci-Fi"
"5e0f5d5f-f7b8-4ad4-a56f-22b2bb3c43e4",48,"Other","Basic","0.75",55,"North America","Laptop","8.99",1,"PayPal",5,"0.01","Action"
"a48287db-3d2e-40a0-a0b8-8675d4589388",58,"Female","Basic","3.59",29,"Asia","TV","8.99",1,"PayPal",3,"0.12","Horror"
"26622754-7436-4bf5-adea-04a292f06216",25,"Male","Basic","0.24",43,"Asia","Desktop","8.99",1,"Debit Card",3,"0.01","Romance"
"faf370da-6bed-4d99-aa01-15b0f2868a9e",34,"Male","Standard","2.94",43,"Oceania","Desktop","13.99",1,"Credit Card",2,"0.07","Sci-Fi"
"18529d93-893a-4903-8289-5bc00dfbbbc6",35,"Male","Standard","4.7",13,"Oceania","Tablet","13.99",1,"Crypto",4,"0.34","Sci-Fi"
"1f796607-be06-4e6a-a102-2efc78b1ca16",49,"Male","Premium","1",40,"Asia","Tablet","17.99",1,"Gift Card",4,"0.02","Documentary"
"5144a8df-7f6d-4e84-9022-66f39e58bb68",22,"Other","Basic","2.36",27,"Oceania","Laptop","8.99",1,"Crypto",3,"0.08","Action"
"769674ba-19e5-4a6a-b353-facf54fbb6e0",41,"Female","Standard","0.11",41,"Africa","Mobile","13.99",1,"Credit Card",2,"0","Action"
"b034d781-e4ca-4cfc-b645-e9531ef2d347",50,"Other","Premium","1.05",42,"Asia","Laptop","17.99",1,"Credit Card",2,"0.02","Action"
"14b956af-aa78-468c-a20d-daabae23108d",64,"Female","Premium","1.22",56,"Asia","Desktop","17.99",1,"Crypto",1,"0.02","Comedy"
"fcf17ea1-2e26-45b6-8c64-052a0c84e1a4",69,"Other","Premium","3.84",30,"Asia","Desktop","17.99",1,"Crypto",5,"0.12","Documentary"
"af2f7a8e-6611-416a-8cbc-871e3df33a1b",41,"Female","Standard","2.97",46,"North America","Tablet","13.99",1,"Credit Card",1,"0.06","Horror"
"965d9ef5-fdbf-48e4-a11e-8fd70b8dd4a9",35,"Female","Premium","3.78",37,"Africa","Laptop","17.99",1,"Debit Card",5,"0.1","Drama"
"161da9aa-5e4f-427e-a647-bc015a469252",54,"Male","Basic","4.85",37,"Africa","Tablet","8.99",1,"Credit Card",4,"0.13","Comedy"
"1c1c5145-fd13-4c0e-9a45-e18e9ebb6a07",36,"Male","Standard","1.36",58,"North America","Desktop","13.99",1,"Credit Card",5,"0.02","Documentary"
"065fa014-3a3e-4d9a-a54f-60f91fae5820",61,"Male","Premium","4.67",43,"South America","TV","17.99",1,"Crypto",4,"0.11","Romance"
"3d0ef301-6769-46fc-b331-ce295cd74e80",59,"Other","Basic","4.96",51,"South America","Mobile","8.99",1,"PayPal",1,"0.1","Comedy"
"f71aec52-ab1e-4dcf-a184-69646fe45f56",50,"Other","Basic","1.11",44,"North America","Laptop","8.99",1,"PayPal",5,"0.02","Romance"
"303e5d95-809b-4bf4-92ac-6e5f2cc59ba8",22,"Other","Premium","0.85",26,"Oceania","TV","17.99",1,"Debit Card",3,"0.03","Comedy"
"412c7e89-3176-4918-9264-dd82be8010f5",65,"Female","Basic","1.85",34,"Asia","TV","8.99",1,"PayPal",2,"0.05","Romance"
"8bd100a3-8559-404b-bdd6-ddaa029b6c70",59,"Other","Standard","3.7",22,"Europe","Tablet","13.99",1,"Gift Card",3,"0.16","Comedy"
"69fce7d7-873c-4a8c-9e16-31b51f8a5b89",55,"Female","Premium","2.01",24,"North America","Tablet","17.99",1,"Debit Card",3,"0.08","Sci-Fi"
"b51e3fd6-b485-4fb4-8f4d-7308e8f8637f",46,"Male","Premium","0.48",36,"Asia","TV","17.99",1,"Gift Card",5,"0.01","Romance"
"20610703-f205-4e18-8f71-b06869a773d9",43,"Male","Standard","0.83",13,"South America","TV","13.99",1,"PayPal",3,"0.06","Documentary"
"27ad2e65-11c8-44ef-b468-c1b5a271b2d6",37,"Other","Basic","3.68",45,"Africa","Laptop","8.99",1,"Credit Card",3,"0.08","Sci-Fi"
"ce3fbd40-95b0-45e9-b263-3c8ec20036c0",23,"Other","Basic","2.91",40,"Oceania","Tablet","8.99",1,"PayPal",3,"0.07","Drama"
"b7738cff-10aa-4e6f-9fef-e9fcf917d1c4",57,"Female","Standard","3.05",26,"North America","TV","13.99",1,"PayPal",2,"0.11","Sci-Fi"
"6f635592-2a83-4d81-bfc8-1bc88a9a26a2",38,"Other","Basic","1.13",41,"Asia","Desktop","8.99",1,"Crypto",2,"0.03","Comedy"
"d074446a-701b-4b52-8a63-790ae3d922b0",54,"Other","Standard","3.36",50,"Africa","Laptop","13.99",1,"Gift Card",5,"0.07","Romance"
"82ce0b3d-f1d9-4a0f-92cf-cef581133e3f",44,"Male","Standard","2.28",59,"Asia","Laptop","13.99",1,"Crypto",2,"0.04","Comedy"
"7864a64d-b304-4501-84ea-cfd022c2f1bc",25,"Other","Standard","0.9",27,"North America","Mobile","13.99",1,"PayPal",3,"0.03","Horror"
"3944f950-85d8-4cb2-bedb-09ce9cbed09c",39,"Female","Premium","3.69",26,"Asia","Tablet","17.99",1,"Crypto",5,"0.14","Documentary"
"a2794c07-a79c-43a9-ba77-bcbc4cfb17ef",26,"Other","Standard","1.24",56,"Asia","TV","13.99",1,"Debit Card",1,"0.02","Sci-Fi"
"d9fc180d-06dc-4976-b536-f86b54c3006f",36,"Other","Premium","2.98",60,"South America","Mobile","17.99",1,"Debit Card",4,"0.05","Drama"
"4fc4e447-3b9a-4414-aed8-894d34103034",45,"Female","Standard","1.77",11,"Africa","Mobile","13.99",1,"PayPal",3,"0.15","Romance"
"83bad4fe-fb54-4501-8bfc-0b1f728b523e",66,"Other","Premium","0.42",28,"North America","TV","17.99",1,"Crypto",5,"0.01","Drama"
"9ac104ea-5967-4a62-8f82-3a14e82ecde0",54,"Other","Basic","0.51",11,"South America","Tablet","8.99",1,"PayPal",5,"0.04","Documentary"
"5055574d-e03a-4409-8940-5aa540f8c7b1",69,"Male","Basic","3.45",26,"North America","Mobile","8.99",1,"Debit Card",3,"0.13","Drama"
"90e19cd2-bb3b-4fd6-bec6-db40cf203781",64,"Male","Premium","0.52",20,"Europe","Tablet","17.99",1,"Credit Card",2,"0.02","Sci-Fi"
"5294d27c-a856-43bb-a560-05cd5d08b939",27,"Other","Basic","0.14",57,"North America","Laptop","8.99",1,"Debit Card",5,"0","Drama"
"64a172b5-1f6b-4618-aeb1-50fef19ae22f",66,"Female","Basic","1.29",44,"Oceania","Tablet","8.99",1,"PayPal",3,"0.03","Romance"
"06ca1b4c-5275-4cf2-b1e3-44955c49c0aa",31,"Other","Standard","2.44",17,"South America","TV","13.99",1,"Credit Card",3,"0.14","Sci-Fi"
"d50c7902-2f7e-4db5-b315-db3e9f0c2496",37,"Other","Basic","3.17",46,"Africa","Mobile","8.99",1,"PayPal",1,"0.07","Drama"
"8e927d87-d1c2-4694-8abb-afc222021faa",65,"Female","Basic","2.99",54,"South America","Laptop","8.99",1,"Crypto",1,"0.05","Drama"
"44c26f24-daef-4b15-bed0-ec68547f0413",50,"Other","Premium","1.04",51,"Africa","Tablet","17.99",1,"Credit Card",1,"0.02","Documentary"
"606e1bbd-36d5-45a1-9932-cf5aa3484e5c",40,"Male","Standard","3.11",51,"Oceania","Tablet","13.99",1,"Gift Card",5,"0.06","Drama"
"b312c59e-92cd-4b0a-9baa-d6477c72a8a5",23,"Female","Basic","4.27",23,"North America","TV","8.99",1,"Debit Card",1,"0.18","Sci-Fi"
"cd2b2235-3612-4d81-b143-1a3af5884238",62,"Male","Premium","2.15",42,"Europe","Laptop","17.99",1,"Credit Card",2,"0.05","Comedy"
"054d48d4-e95f-4bb8-a4cb-e1bd7c448dbc",42,"Male","Standard","4.79",58,"South America","TV","13.99",1,"Credit Card",3,"0.08","Sci-Fi"
"b0fde5ba-8a38-45ee-b7fb-6c35851e8975",56,"Other","Standard","4.09",56,"Europe","TV","13.99",1,"PayPal",3,"0.07","Romance"
"9829890a-3880-439c-a2b4-80afeb217997",22,"Male","Standard","1.41",28,"South America","Laptop","13.99",1,"Gift Card",4,"0.05","Sci-Fi"
"3c07805f-4275-40c9-ac26-921ea46824e8",42,"Other","Standard","3.69",45,"Africa","Tablet","13.99",1,"Gift Card",2,"0.08","Horror"
"59adee7e-d7d6-4c22-b62c-1b42311f77a2",67,"Female","Premium","2.92",38,"Oceania","Desktop","17.99",1,"Gift Card",5,"0.07","Action"
"11373011-9e1b-41f4-ab76-15ee1c916105",25,"Female","Basic","1.91",18,"Africa","Desktop","8.99",1,"Crypto",3,"0.1","Documentary"
"0ad6fe46-9b24-46fc-9698-7001aa3c071b",64,"Male","Standard","0.31",52,"Europe","Desktop","13.99",1,"Debit Card",1,"0.01","Comedy"
"7f720eb2-a80f-4b4d-8daf-1f6829e1e9ae",44,"Male","Premium","1.68",16,"Oceania","Desktop","17.99",1,"Debit Card",2,"0.1","Drama"
"a854b579-3d98-44fb-9d45-00ab83f24a6f",36,"Female","Standard","3.88",41,"South America","Laptop","13.99",1,"PayPal",4,"0.09","Horror"
"cd60de06-e3c0-4b41-914f-f63e856ddd67",55,"Other","Basic","1.92",32,"South America","Laptop","8.99",1,"Gift Card",5,"0.06","Horror"
"5fd6b79c-c1c6-45e2-9604-58cece9a92f7",40,"Male","Premium","1.85",46,"North America","Mobile","17.99",1,"Crypto",1,"0.04","Action"
"b918e3f7-644c-4be8-9b94-e079f0e57adb",22,"Other","Standard","1.42",37,"North America","Tablet","13.99",1,"Gift Card",2,"0.04","Sci-Fi"
"fb7ccdf3-68c3-4ed8-bc57-04ba93357cfd",59,"Female","Basic","2.63",42,"North America","Mobile","8.99",1,"Gift Card",2,"0.06","Drama"
"47a75ee0-4752-4838-9962-891abdb5c0ea",47,"Other","Basic","1.71",56,"Oceania","TV","8.99",1,"Crypto",3,"0.03","Comedy"
"a41dd9ef-0764-4f95-9101-e9d5bb30c03a",54,"Female","Standard","4.28",36,"Europe","Laptop","13.99",1,"PayPal",4,"0.12","Romance"
"8a0848fd-4827-4f85-9b6f-007ffe391d30",26,"Male","Standard","4.87",59,"Oceania","Mobile","13.99",1,"Credit Card",3,"0.08","Action"
"94135b4f-6a37-41c4-8625-d91c4926ec68",64,"Female","Standard","0.91",44,"South America","TV","13.99",1,"Debit Card",3,"0.02","Horror"
"ed668da3-d99b-4026-92a3-300a114142e7",46,"Other","Standard","0.96",46,"Oceania","Desktop","13.99",1,"PayPal",4,"0.02","Sci-Fi"
"30ce7dcc-c41f-48e9-8e16-b6cfb0e9d1a3",45,"Other","Basic","0.7",25,"Africa","Desktop","8.99",1,"Crypto",5,"0.03","Action"
"bba14e0b-05f9-4cf4-b201-41398c6d4ec5",32,"Male","Standard","1.89",24,"Europe","TV","13.99",1,"Credit Card",1,"0.08","Romance"
"49261e9e-fdd0-48df-87f7-3eab7d66fa81",18,"Other","Standard","3.54",45,"Oceania","Mobile","13.99",1,"Debit Card",5,"0.08","Horror"
"5cdde76b-50a8-4d41-a799-177a2e77e581",67,"Female","Premium","4.01",55,"South America","Laptop","17.99",1,"Debit Card",4,"0.07","Drama"
"1e89c820-f686-4a32-aeab-924d79f6d288",28,"Male","Standard","3.57",60,"North America","Mobile","13.99",1,"Crypto",4,"0.06","Horror"
"c1c6bed5-6167-4c79-bd6f-4c27851ce580",20,"Male","Premium","3.26",32,"Europe","Mobile","17.99",1,"PayPal",2,"0.1","Action"
"c3144388-5e8f-4c1c-83ff-3129e562ba4e",40,"Other","Standard","1.46",44,"Europe","Laptop","13.99",1,"Credit Card",3,"0.03","Documentary"
"24d6f90a-ea1f-44cb-a83b-4d3d53c4d152",34,"Female","Standard","0.22",52,"Oceania","Tablet","13.99",1,"PayPal",4,"0","Documentary"
"4e16202d-72c0-4a59-974b-ba3e9c9fb04d",44,"Other","Basic","3.53",56,"North America","Desktop","8.99",1,"Crypto",1,"0.06","Comedy"
"3f593c64-f2eb-4736-974a-5efadabce25a",18,"Male","Standard","3.62",20,"South America","Tablet","13.99",1,"Gift Card",1,"0.17","Sci-Fi"
"8966b795-f82f-4c5d-a80c-5244a1016339",53,"Female","Premium","1.62",60,"Africa","TV","17.99",1,"Debit Card",3,"0.03","Drama"
"f8839f01-4286-4f45-a675-f09d869146c1",34,"Other","Premium","1.92",44,"South America","TV","17.99",1,"Gift Card",2,"0.04","Documentary"
"3cb37e51-569d-4238-9854-5e659abf16c4",18,"Female","Premium","0.82",59,"South America","Tablet","17.99",1,"PayPal",3,"0.01","Action"
"d3cdf140-4887-4f53-a5d3-ec891892c883",36,"Male","Premium","0.98",55,"Oceania","Mobile","17.99",1,"Debit Card",2,"0.02","Comedy"
"d0c512fc-8212-4d61-9ad2-dce10af1dbf7",52,"Female","Basic","3.59",42,"Africa","TV","8.99",1,"Gift Card",4,"0.08","Sci-Fi"
"3bca6390-0c4b-4f47-a993-8e49139361c3",18,"Female","Standard","2.26",48,"Africa","Desktop","13.99",1,"PayPal",1,"0.05","Action"
"6fb2caa8-9389-4816-91cb-d1134a7b15a1",57,"Male","Basic","2.89",27,"Africa","Mobile","8.99",1,"PayPal",4,"0.1","Horror"
"a96d856f-c265-4f78-80d5-f6d85c2e3e48",38,"Female","Basic","3.08",53,"North America","Desktop","8.99",1,"Gift Card",2,"0.06","Comedy"
"9127fd59-f25d-4b74-a710-7f60b1804252",29,"Male","Premium","1.61",59,"North America","Desktop","17.99",1,"Credit Card",2,"0.03","Horror"
"39a2da01-6445-4ba4-8dd5-846b8fe23c43",62,"Female","Premium","4.2",37,"Africa","Laptop","17.99",1,"Crypto",1,"0.11","Comedy"
"4e091ec6-3c1b-4649-aed7-cf99cc9da60d",29,"Female","Standard","4.88",39,"Oceania","Mobile","13.99",1,"Credit Card",4,"0.12","Horror"
"10187a53-e499-45ef-b5b2-0c0d16ffaef7",65,"Male","Premium","0.74",20,"Europe","Laptop","17.99",1,"Debit Card",3,"0.04","Sci-Fi"
"e0306a29-e5de-43f9-a455-6955498cd3ed",31,"Other","Standard","0.67",22,"Oceania","TV","13.99",1,"Gift Card",5,"0.03","Drama"
"35119411-b270-46a9-b807-5f703dc512e5",38,"Other","Standard","0.08",35,"Europe","Laptop","13.99",1,"Gift Card",1,"0","Comedy"
"9c5b8ee6-d18b-4614-8c23-4a4fcac04d80",48,"Male","Premium","2.84",35,"North America","Desktop","17.99",1,"Debit Card",2,"0.08","Action"
"604f83af-4c1b-4e00-897c-82ce3d3a5727",22,"Male","Basic","4.64",30,"Europe","TV","8.99",1,"Crypto",3,"0.15","Sci-Fi"
"797e3a2d-50ad-478d-9f62-48f49771dd87",44,"Other","Basic","1.06",37,"Asia","Desktop","8.99",1,"Crypto",1,"0.03","Comedy"
"e40b9738-ff59-46b5-a2bb-3dc95a2a429c",51,"Female","Premium","4.9",23,"Oceania","Desktop","17.99",1,"Gift Card",5,"0.2","Comedy"
"5843bccd-c8a2-4294-b541-85481a633beb",54,"Male","Premium","2.28",47,"Asia","Tablet","17.99",1,"Crypto",3,"0.05","Drama"
"19ef59d2-6a1c-4507-8b4c-8d8fbd68db12",66,"Female","Premium","1.37",36,"North America","Desktop","17.99",1,"PayPal",5,"0.04","Action"
"e95ba0a7-3085-4358-9fac-b404fdb198b3",55,"Other","Premium","0.44",27,"Oceania","TV","17.99",1,"Crypto",3,"0.02","Drama"
"9216acf7-bc86-44f9-95d5-2d5e96d459d4",61,"Female","Premium","1.3",44,"North America","Mobile","17.99",1,"PayPal",5,"0.03","Romance"
"efa05e12-91f5-4de0-886d-7efe2b13e3df",47,"Female","Premium","2.2",39,"Oceania","TV","17.99",1,"Debit Card",2,"0.06","Comedy"
"3b6ad87b-8320-46b3-8cd0-ba38c3def845",63,"Other","Standard","1.77",56,"North America","Mobile","13.99",1,"Debit Card",5,"0.03","Horror"
"1f21093e-a068-4fd4-a23a-3bdbe2a2ac90",64,"Female","Standard","0.02",36,"South America","TV","13.99",1,"Gift Card",3,"0","Documentary"
"f53aabeb-9951-48d4-a47c-ee92be30b9ef",62,"Female","Premium","3.99",25,"South America","TV","17.99",1,"Crypto",5,"0.15","Documentary"
"d0478dc6-40b3-4217-b23b-1e5d368d99e3",63,"Male","Standard","2.31",29,"Oceania","Laptop","13.99",1,"Gift Card",2,"0.08","Romance"
"ca235c75-ef56-4b6e-b147-144484fc7a68",18,"Female","Basic","4.37",46,"Europe","TV","8.99",1,"PayPal",1,"0.09","Action"
"530f7589-89c5-487c-a14a-d1500bb9fc21",44,"Female","Standard","3.08",58,"Asia","TV","13.99",1,"PayPal",1,"0.05","Romance"
"cc1eecc4-1916-4342-9400-b18c036d98e5",43,"Female","Standard","1.86",52,"Asia","Tablet","13.99",1,"Gift Card",3,"0.04","Comedy"
"234a89e9-0793-4c4b-8855-8afaf76b3bc7",19,"Female","Premium","1.73",22,"Oceania","Laptop","17.99",1,"Credit Card",3,"0.08","Sci-Fi"
"7a889b45-8ea4-416d-b58f-d38b5eb7ea45",30,"Male","Basic","0.25",29,"Europe","Tablet","8.99",1,"Gift Card",2,"0.01","Comedy"
"0cff8cd5-ab3c-4116-8edb-fa314b5a3273",56,"Male","Standard","0.49",44,"Europe","TV","13.99",1,"Gift Card",3,"0.01","Romance"
"eb0251cf-302e-4e08-a31d-a9a5ab2baef3",24,"Other","Basic","1.25",27,"South America","Desktop","8.99",1,"Credit Card",2,"0.04","Action"
"463a6397-5c89-4ad4-8d08-f9c6e3081f25",66,"Other","Standard","4.41",48,"Asia","Mobile","13.99",1,"Gift Card",5,"0.09","Sci-Fi"
"4d84f911-ed8d-42bd-a583-924e3b9dafd8",69,"Female","Standard","4.56",37,"South America","TV","13.99",1,"PayPal",2,"0.12","Drama"
"b2ec2304-01bd-4336-8a61-f0b0abbba0db",70,"Male","Basic","2.22",12,"Asia","Laptop","8.99",1,"PayPal",3,"0.17","Romance"
"5f426a25-b218-474f-8d86-484cb97d3a29",53,"Other","Standard","1.55",30,"Asia","Laptop","13.99",1,"Credit Card",3,"0.05","Documentary"
"54c05598-365d-4f0a-9053-47c773d60fb0",58,"Male","Standard","4.38",25,"Africa","Tablet","13.99",1,"Credit Card",1,"0.17","Romance"
"23738ea6-6051-407f-b134-54b5abf97c76",43,"Other","Premium","4.96",34,"Europe","TV","17.99",1,"Crypto",3,"0.14","Documentary"
"6dd30fa8-e9be-4ba1-831d-ec479489390d",60,"Female","Standard","1.13",12,"Asia","Laptop","13.99",1,"Credit Card",2,"0.09","Romance"
"2cea2e6f-6ac0-451e-bc97-28c032b6431b",26,"Female","Premium","2.92",32,"South America","Tablet","17.99",1,"Crypto",2,"0.09","Sci-Fi"
"ad2be0d3-7744-43bd-b4b8-5b61799756a1",42,"Other","Basic","2.65",30,"Africa","TV","8.99",1,"Gift Card",1,"0.09","Documentary"
"286e9bc1-b9d2-4d4d-9b46-8f823a170139",34,"Female","Standard","0.32",58,"Asia","Mobile","13.99",1,"Gift Card",1,"0.01","Comedy"
"8c722fa9-57be-4fa0-a466-f43e61d35f94",55,"Male","Premium","0.44",45,"South America","Desktop","17.99",1,"Debit Card",1,"0.01","Sci-Fi"
"67261644-d5d8-4867-a359-22d606e2dcc9",65,"Male","Standard","4.05",45,"Asia","Mobile","13.99",1,"Gift Card",4,"0.09","Sci-Fi"
"7492f32f-8c97-4a80-81ad-78749329c8f3",29,"Female","Standard","1.12",60,"Asia","Desktop","13.99",1,"PayPal",5,"0.02","Horror"
"ad0caecf-9b95-4921-8a81-7bb311564c2a",26,"Male","Standard","0.89",25,"South America","TV","13.99",1,"Credit Card",2,"0.03","Action"
"0c65fd72-9e3b-4033-99ed-4397ccf9346f",40,"Other","Basic","4.68",25,"Africa","Tablet","8.99",1,"PayPal",5,"0.18","Action"
"9b18d52f-d169-4ac0-aae9-840d5b8fd937",40,"Female","Premium","0.17",58,"South America","Desktop","17.99",1,"Gift Card",5,"0","Horror"
"ff5354ce-5deb-4dc4-8d39-a68c03938af3",69,"Female","Standard","4.53",16,"Europe","Laptop","13.99",1,"Crypto",2,"0.27","Horror"
"44bf9ce1-bd7d-40f8-a16c-abce926888ae",40,"Other","Premium","4.13",58,"North America","Desktop","17.99",1,"Crypto",3,"0.07","Action"
"4b02c88c-a29d-46c6-aa87-2dae9f140e4e",52,"Male","Standard","0.33",14,"Oceania","Desktop","13.99",1,"Gift Card",2,"0.02","Comedy"
"1f0e4cc1-431d-4fbe-89ca-3bd42241cd29",28,"Other","Standard","2.06",59,"Asia","Mobile","13.99",1,"Crypto",2,"0.03","Romance"
"75609f51-5ee6-4cac-ad28-a3821e94554e",37,"Female","Basic","4.69",25,"Europe","Tablet","8.99",1,"Gift Card",4,"0.18","Romance"
"f33d248f-0bb4-4189-919e-61f1a239d69e",38,"Male","Premium","2.24",58,"Africa","Laptop","17.99",1,"Debit Card",4,"0.04","Documentary"
"85629d48-5eda-4610-b233-c4e4d562c796",63,"Female","Standard","2.84",18,"Oceania","Tablet","13.99",1,"Gift Card",3,"0.15","Horror"
"1a19714f-fc3f-4023-8006-84d562378a9b",23,"Female","Standard","0.89",18,"Europe","Tablet","13.99",1,"PayPal",1,"0.05","Action"
"96506b65-616a-497c-a3e4-888b830db1c3",31,"Other","Standard","1.17",36,"Europe","Laptop","13.99",1,"PayPal",1,"0.03","Comedy"
"2d7ebb9d-93bb-495c-80de-4346c8a4cbee",47,"Male","Basic","1.25",44,"South America","Mobile","8.99",1,"Credit Card",1,"0.03","Sci-Fi"
"72795539-6b5f-4f9a-8105-7f15dba34e9d",59,"Female","Basic","1.2",32,"North America","TV","8.99",1,"Credit Card",2,"0.04","Comedy"
"7b2c7b95-8650-4966-80b5-50bcedc9ef73",35,"Female","Premium","3.59",53,"Asia","Tablet","17.99",1,"Crypto",3,"0.07","Romance"
"2ce755db-5314-4c64-b00b-ad8c71df90f8",21,"Female","Standard","4.17",38,"South America","Mobile","13.99",1,"Crypto",1,"0.11","Horror"
"b3210d44-92c1-40ad-b881-b560dda637c1",55,"Male","Standard","2.7",31,"Asia","TV","13.99",1,"Debit Card",4,"0.08","Sci-Fi"
"9e87210e-05ee-4e33-9e89-9cd544cf9a4e",51,"Female","Premium","3.82",34,"Asia","TV","17.99",1,"Gift Card",1,"0.11","Horror"
"a2e3e19d-086e-4e27-9fcd-4677c429156f",20,"Male","Basic","0.76",28,"Asia","Laptop","8.99",1,"PayPal",3,"0.03","Drama"
"febcc30f-5bb3-4977-ba96-f546920d93c9",55,"Other","Basic","0.21",34,"South America","Laptop","8.99",1,"Debit Card",5,"0.01","Horror"
"33522bd5-ca92-4999-9077-ded7f2fb1e49",55,"Other","Premium","3.15",51,"Asia","Tablet","17.99",1,"Debit Card",5,"0.06","Sci-Fi"
"34ce66fa-96d9-43d5-a840-7d0f624e6686",69,"Male","Basic","1.07",47,"Europe","Mobile","8.99",1,"PayPal",2,"0.02","Action"
"06571e46-9baa-43e8-a233-e03930636b84",59,"Female","Basic","2.44",55,"Africa","Tablet","8.99",1,"Crypto",1,"0.04","Comedy"
"2eba8457-300a-470e-add1-a90f68e6b02a",31,"Other","Basic","2.36",46,"North America","TV","8.99",1,"Credit Card",2,"0.05","Romance"
"115385ba-4d05-41c3-8437-4c6892265daa",69,"Male","Premium","0.24",20,"Oceania","TV","17.99",1,"Gift Card",1,"0.01","Sci-Fi"
"af59c21c-5c00-4051-b1a8-96b84b8c46be",26,"Female","Premium","4.78",18,"Oceania","Mobile","17.99",1,"Gift Card",4,"0.25","Sci-Fi"
"4fc64b59-3f7e-4560-b434-027440fd4e30",18,"Other","Standard","4.64",21,"North America","Laptop","13.99",1,"Debit Card",3,"0.21","Documentary"
"e8dd552e-5b29-4c98-b499-ac4be92ea012",33,"Male","Standard","2.71",22,"Europe","Mobile","13.99",1,"Crypto",3,"0.12","Drama"
"b81d84e9-720c-4ebf-88d1-76fb220fec64",58,"Male","Premium","2.83",58,"North America","TV","17.99",1,"Gift Card",4,"0.05","Romance"
"1d278ed7-0ab6-4012-8ab9-58513b6242e1",46,"Other","Premium","2.98",12,"Europe","Laptop","17.99",1,"Debit Card",2,"0.23","Action"
"175442f3-3430-402e-8032-bd875f2163c2",47,"Male","Standard","3.71",54,"South America","Desktop","13.99",1,"Crypto",5,"0.07","Action"
"1170be2f-64e5-4819-856d-961cd44a38d4",57,"Male","Basic","4.35",39,"South America","Laptop","8.99",1,"Debit Card",1,"0.11","Action"
"ec9db0f2-3043-427d-a332-28ec111524de",65,"Female","Basic","2.39",26,"Europe","Mobile","8.99",1,"Gift Card",3,"0.09","Horror"
"7d6adea2-0428-4b69-b74a-83be5a20dcdd",38,"Female","Standard","1.69",12,"Africa","Mobile","13.99",1,"Debit Card",3,"0.13","Drama"
"0b3ee497-e62e-42de-907d-169ab8c05e41",42,"Male","Premium","2.81",32,"Europe","Desktop","17.99",1,"Gift Card",2,"0.09","Comedy"
"28da7e28-603e-4b58-90d9-084ffdc09314",53,"Female","Basic","0.33",35,"Oceania","Mobile","8.99",1,"Credit Card",1,"0.01","Action"
"66b059d7-75da-4083-ae90-baf7321930ba",29,"Female","Basic","1.88",46,"Asia","Desktop","8.99",1,"Crypto",4,"0.04","Sci-Fi"
"3e7541bd-bfd7-4c88-a7f6-bcdb0c97507a",54,"Other","Premium","4.79",49,"Africa","TV","17.99",1,"Gift Card",4,"0.1","Action"
"2841bec1-e995-44c2-a8a3-461e3eb33cb6",31,"Male","Premium","2.7",51,"Europe","Tablet","17.99",1,"Crypto",5,"0.05","Horror"
"2adb38da-c9e8-43dc-b500-4ebdfc5187e1",45,"Male","Basic","1.98",53,"Europe","Laptop","8.99",1,"Crypto",5,"0.04","Documentary"
"b6b5ba74-46cf-4df3-aeae-c16d3338d3e3",59,"Other","Premium","2.45",51,"South America","Laptop","17.99",1,"Debit Card",5,"0.05","Action"
"aa019cbc-24d5-4898-93ee-5b2f4b89ef68",47,"Other","Standard","2.11",24,"Africa","Mobile","13.99",1,"Crypto",4,"0.08","Comedy"
"57e85db6-af70-499c-9d7d-c89dcc29a52d",55,"Male","Standard","0.53",32,"Asia","Mobile","13.99",1,"Credit Card",5,"0.02","Drama"
"5bf04dcf-b209-4833-a2b7-be6c11aa6a41",38,"Female","Standard","2.44",11,"Oceania","Laptop","13.99",1,"Gift Card",5,"0.2","Documentary"
"3414e470-95a7-4043-b8ce-b7c876fa0969",33,"Male","Premium","1.42",50,"Asia","Mobile","17.99",1,"Gift Card",3,"0.03","Comedy"
"147bda63-2552-4e10-a3d7-3ad43264b5e2",26,"Female","Premium","2.99",59,"Asia","TV","17.99",1,"Debit Card",3,"0.05","Action"
"a8eeb6ff-e4e6-4fa6-b4dd-2147d66e5234",62,"Other","Premium","3.8",58,"Africa","Desktop","17.99",1,"Debit Card",4,"0.06","Comedy"
"81a4ab80-32bd-4d9a-9e23-6cecbebf2173",57,"Female","Standard","3.47",36,"South America","Tablet","13.99",1,"Crypto",4,"0.09","Romance"
"9677ed5d-0bf2-4ccc-92ca-c176e3ed5ab2",49,"Male","Basic","1.64",32,"Europe","Laptop","8.99",1,"PayPal",5,"0.05","Drama"
"19f92e26-27ea-420a-803a-fffce53367a5",69,"Other","Basic","2.95",40,"North America","Mobile","8.99",1,"Crypto",1,"0.07","Documentary"
"99e90dad-2eaa-46e0-838a-ed38065dcef8",37,"Female","Basic","4.76",41,"Asia","Desktop","8.99",1,"PayPal",3,"0.11","Romance"
"012bcaff-f27c-444f-bba9-0e8d362980d6",20,"Female","Premium","1.22",50,"Europe","Laptop","17.99",1,"Crypto",3,"0.02","Sci-Fi"
"fb89a317-d2a8-4415-b75b-923bc1f30e87",32,"Male","Basic","4",26,"Africa","Desktop","8.99",1,"Gift Card",2,"0.15","Horror"
"c2e7c00e-db9d-4789-89ad-76d415275d8d",18,"Female","Basic","3.68",60,"South America","Laptop","8.99",1,"Debit Card",4,"0.06","Action"
"eb9c8e47-3f0f-4851-95fc-9edd7ff39aa2",22,"Other","Standard","3.31",35,"Europe","Desktop","13.99",1,"Crypto",2,"0.09","Romance"
"cc7fca45-d81c-4971-8fd7-2a953250de71",44,"Male","Standard","0.91",39,"North America","Laptop","13.99",1,"Crypto",2,"0.02","Comedy"
"35ccb42a-5b8f-4a56-b979-56ef4df94413",47,"Male","Standard","0.18",50,"Africa","Desktop","13.99",1,"PayPal",4,"0","Horror"
"3032fb1b-eee1-4e0b-8b51-30b6a52cd563",55,"Other","Premium","1.43",60,"Asia","Laptop","17.99",1,"Debit Card",1,"0.02","Romance"
"1bbee03c-aa9a-43ba-a760-10d789b2bb68",47,"Female","Premium","2.25",53,"Europe","Mobile","17.99",1,"Gift Card",2,"0.04","Romance"
"4ca1ccbe-5e66-4bdc-b1d4-282060b755ed",67,"Female","Premium","2.34",54,"South America","Mobile","17.99",1,"Credit Card",4,"0.04","Documentary"
"2d9e4af8-9f66-4585-9e71-d42609937bb8",37,"Male","Premium","4.12",28,"Oceania","Mobile","17.99",1,"PayPal",1,"0.14","Drama"
"95f04ac9-d1ae-4d72-874a-8e2927626532",50,"Male","Basic","2.05",59,"North America","TV","8.99",1,"Debit Card",5,"0.03","Action"
"3d0adeac-cb46-4796-8548-b37987c94581",44,"Female","Basic","1.75",52,"Africa","TV","8.99",1,"Crypto",5,"0.03","Drama"
"ad17bae3-ef4b-43ea-95f6-c26fd969493e",65,"Male","Basic","0.14",16,"South America","Mobile","8.99",1,"Gift Card",1,"0.01","Drama"
"b832a589-8dc2-48a0-8a58-25d1035941ec",21,"Female","Premium","4.12",35,"North America","Laptop","17.99",1,"Gift Card",2,"0.11","Comedy"
"ccddfb15-797a-4e9e-b571-4675290b071d",42,"Female","Standard","4.16",46,"Asia","Laptop","13.99",1,"Debit Card",5,"0.09","Horror"
"724493ea-fdfc-4cb1-914c-4f157f8803a8",41,"Other","Basic","1.06",30,"Asia","Tablet","8.99",1,"Debit Card",4,"0.03","Horror"
"b488bac9-04c0-425b-a671-70598580c686",55,"Female","Premium","3.72",54,"North America","Laptop","17.99",1,"Crypto",5,"0.07","Action"
"d29365dc-c4e0-4b7e-a094-b3aee49a99f4",26,"Female","Basic","0.11",55,"South America","Laptop","8.99",1,"Crypto",4,"0","Sci-Fi"
"d2bbf3a7-d910-4d8b-b554-497251508886",36,"Other","Standard","3.89",37,"South America","TV","13.99",1,"Crypto",3,"0.1","Romance"
"8316d994-9295-49d6-b608-7a27856fa6cf",30,"Male","Standard","4.62",46,"Europe","Laptop","13.99",1,"PayPal",3,"0.1","Action"
"dbee2c1d-4003-4723-b0db-0cdd117d341d",21,"Male","Premium","3.13",53,"Asia","Mobile","17.99",1,"Gift Card",4,"0.06","Drama"
"e88ae0bf-e5ca-4295-ab09-1ea14e389b70",43,"Female","Basic","3.17",30,"North America","Laptop","8.99",1,"PayPal",4,"0.1","Romance"
"17f77859-2514-41c7-95be-cd3570d0025c",46,"Female","Standard","4.38",37,"North America","Tablet","13.99",1,"Crypto",4,"0.12","Romance"
"9ee5c445-56ec-4208-b47c-759c3b7f01bb",58,"Other","Standard","4.69",49,"Africa","TV","13.99",1,"Crypto",1,"0.09","Romance"
"1386123c-5f7c-459e-ae51-08ae5fbe47bb",63,"Male","Premium","1.43",57,"Asia","TV","17.99",1,"Gift Card",5,"0.02","Comedy"
"2d709119-8028-4486-8e2c-d140c42a3e33",61,"Female","Premium","1.91",52,"North America","TV","17.99",1,"Debit Card",1,"0.04","Romance"
"2619177e-ff09-4d89-b00b-f61e7dad8bf9",44,"Male","Premium","1.22",24,"Oceania","Tablet","17.99",1,"Crypto",3,"0.05","Horror"
"a2fa6fbd-35f8-4db0-aff2-2673727dc84c",40,"Female","Standard","3.21",58,"Europe","Desktop","13.99",1,"PayPal",2,"0.05","Action"
"107b7ac2-d69a-482e-ba42-0707d07983f5",36,"Female","Standard","2.06",24,"Africa","Laptop","13.99",1,"Crypto",1,"0.08","Romance"
"a9414457-2c36-4d97-8820-4dcc8349368e",25,"Other","Premium","0.57",53,"North America","Mobile","17.99",1,"PayPal",4,"0.01","Romance"
"a1fa1e89-c730-4c7f-b615-5fc51f92abfc",54,"Male","Standard","3.6",39,"North America","Mobile","13.99",1,"Credit Card",3,"0.09","Drama"
"df2e5ee6-a486-4cd8-b452-959e63e397c6",67,"Male","Premium","2.24",34,"Africa","TV","17.99",1,"Crypto",2,"0.06","Action"
"5dbd7687-5f99-4393-93cd-22ad811b4d22",63,"Other","Standard","3.8",57,"North America","TV","13.99",1,"Crypto",3,"0.07","Action"
"2c9893fa-7934-40a5-8ddb-85f934f5dbe0",68,"Other","Standard","3.68",53,"South America","Tablet","13.99",1,"Credit Card",3,"0.07","Horror"
"45c38e06-d28c-46b6-b473-bd983b259d4c",20,"Male","Standard","2.97",35,"South America","TV","13.99",1,"PayPal",2,"0.08","Romance"
"0aa018d1-6f8d-493a-bd1b-7d79b803fd22",26,"Other","Standard","2",11,"Africa","Desktop","13.99",1,"PayPal",3,"0.17","Documentary"
"76f5fba2-0349-4f73-84aa-475fa2f8c789",63,"Male","Basic","0.24",21,"Europe","Laptop","8.99",1,"Credit Card",5,"0.01","Action"
"d85e4916-857b-4008-b7a5-20ea8157e9af",36,"Male","Standard","4.34",57,"South America","Laptop","13.99",1,"Debit Card",3,"0.07","Romance"
"dc5b0984-88d3-4ff3-b093-f0cfdb80070d",22,"Female","Premium","0.79",17,"North America","Mobile","17.99",1,"Crypto",4,"0.04","Horror"
"37c521d5-e042-4dc6-a38a-be7eafeb9092",37,"Other","Standard","0.44",35,"Africa","TV","13.99",1,"Gift Card",2,"0.01","Horror"
"c726aec5-29ec-4b62-b752-7d9f91d7ebd1",41,"Other","Standard","2.14",59,"North America","Desktop","13.99",1,"Credit Card",1,"0.04","Horror"
"7911e6e5-fad9-423b-b343-c74a045ad2ae",65,"Male","Basic","0.71",54,"Oceania","Laptop","8.99",1,"Crypto",3,"0.01","Documentary"
"99b365a9-075d-4ed6-b3a4-539d4245cd22",54,"Other","Standard","2.91",26,"Europe","Laptop","13.99",1,"Gift Card",5,"0.11","Documentary"
"20b10142-39c2-4061-8573-a1e5f91ad019",26,"Male","Standard","3.81",41,"South America","TV","13.99",1,"Crypto",4,"0.09","Documentary"
"e95a32d7-dbb3-457d-b655-df5765b3ea84",18,"Female","Basic","0.33",28,"Oceania","Tablet","8.99",1,"PayPal",3,"0.01","Action"
"e203e4ef-dc62-4e97-884d-77a46ddf3813",18,"Female","Standard","0.27",20,"Oceania","Desktop","13.99",1,"Credit Card",1,"0.01","Comedy"
"5b4c2040-0725-49cd-b8bb-0c1848fe1577",57,"Female","Premium","0.98",59,"Africa","Laptop","17.99",1,"Debit Card",2,"0.02","Documentary"
"cdd7611f-d900-43cf-b218-71d45bca9a13",59,"Female","Premium","0.1",20,"North America","Laptop","17.99",1,"Crypto",1,"0","Sci-Fi"
"1fb210c3-6369-4fb9-9abc-f56736df9f47",66,"Male","Standard","3.46",44,"Oceania","Tablet","13.99",1,"Crypto",4,"0.08","Comedy"
"1aab7315-184d-4e18-8338-071aab257e63",55,"Male","Basic","2.74",44,"South America","Laptop","8.99",1,"Credit Card",4,"0.06","Documentary"
"609e1a47-614a-4c12-b0c7-50c6a27c83bb",48,"Other","Basic","3.04",20,"Europe","Mobile","8.99",1,"Debit Card",2,"0.14","Action"
"c3fc2a8b-b9e3-48b3-9c46-b3a64b62157d",26,"Female","Premium","4.66",38,"South America","Laptop","17.99",1,"Debit Card",5,"0.12","Documentary"
"a35b0e4d-c43a-48cb-8c56-e49d6879c391",18,"Male","Standard","3.03",22,"Oceania","Tablet","13.99",1,"Gift Card",5,"0.13","Action"
"dac932ff-cdf8-4b8d-a369-7a25f9bd7a0e",70,"Female","Basic","1.26",20,"Africa","TV","8.99",1,"Debit Card",5,"0.06","Drama"
"4c9b0d0f-1fa8-439e-af1f-8282130cf0bf",28,"Female","Standard","2.25",30,"South America","Laptop","13.99",1,"Crypto",3,"0.07","Action"
"fa010757-b01a-4f20-abed-bce22f5a810a",63,"Male","Premium","3.17",14,"Oceania","Tablet","17.99",1,"Gift Card",5,"0.21","Comedy"
"003e8ce2-25ac-44b6-91db-fc2784528c36",48,"Female","Standard","3.84",23,"South America","Tablet","13.99",1,"Crypto",1,"0.16","Romance"
"cdb0c59c-6086-4985-a133-bd141e1bb6ca",29,"Female","Basic","0.65",12,"Europe","Tablet","8.99",1,"Crypto",3,"0.05","Drama"
"dcb91836-142b-4bcd-b42c-f0b34c272121",56,"Other","Premium","0.85",29,"Oceania","TV","17.99",1,"Crypto",5,"0.03","Sci-Fi"
"e7c17a68-7cb0-445f-8d31-f2c1d07aab3d",24,"Male","Standard","2.65",32,"South America","TV","13.99",1,"Credit Card",4,"0.08","Drama"
"2d6081cb-4964-472e-ad69-86ebf0dd7c1c",47,"Male","Standard","4.22",12,"South America","Mobile","13.99",1,"Debit Card",3,"0.32","Drama"
"3a23e4a5-22f8-4647-8717-8331fa5eba94",27,"Female","Standard","3.4",46,"Africa","Laptop","13.99",1,"PayPal",1,"0.07","Action"
"b945055d-449d-47e8-9f14-574ea7cea9a1",54,"Other","Standard","3.47",31,"Africa","Laptop","13.99",1,"PayPal",5,"0.11","Documentary"
"c5dc62ac-e177-461a-bc76-d7842de60ca8",66,"Female","Standard","0.06",58,"Europe","Mobile","13.99",1,"PayPal",2,"0","Documentary"
"f044c71b-3fed-4121-9cd6-b3a3d0be4cf6",53,"Male","Standard","3.74",21,"Africa","Laptop","13.99",1,"Debit Card",3,"0.17","Romance"
"6a53dd10-b7e8-44f2-8f4a-56015f9a5c61",69,"Male","Basic","4.88",29,"South America","Desktop","8.99",1,"PayPal",1,"0.16","Comedy"
"8b412cdc-c03a-456c-af50-3d045bc026ee",18,"Male","Basic","4.91",44,"Africa","Tablet","8.99",1,"Gift Card",1,"0.11","Romance"
"735190c8-4a3d-46a6-885f-795f3ecdad42",31,"Female","Basic","2.82",51,"North America","Desktop","8.99",1,"Credit Card",2,"0.05","Action"
"f60e85aa-2c80-4282-9a7e-885c5b1801fd",29,"Other","Standard","2.22",34,"North America","Tablet","13.99",1,"Debit Card",4,"0.06","Action"
"6d446445-a1b2-455d-bba9-d7f3077c0a10",33,"Male","Standard","2.31",46,"Asia","Tablet","13.99",1,"Credit Card",1,"0.05","Sci-Fi"
"efe57503-644e-4224-a159-a8d880e1676b",68,"Other","Basic","2.39",47,"Oceania","Mobile","8.99",1,"Credit Card",5,"0.05","Sci-Fi"
"5a434596-ec80-4d47-a472-46587f20a98f",29,"Other","Standard","0.53",13,"Africa","Desktop","13.99",1,"Debit Card",3,"0.04","Action"
"3914fd90-24cd-4681-a26a-2ba4a2a159f9",31,"Other","Standard","0.21",16,"Africa","Laptop","13.99",1,"Debit Card",1,"0.01","Drama"
"2cf69775-8761-45e2-a44d-b4bd0669b757",55,"Other","Premium","1.63",52,"Africa","Tablet","17.99",1,"Gift Card",1,"0.03","Action"
"4f25b8c4-d5c9-4131-af78-55e3ffeed2dd",48,"Female","Basic","4.59",55,"South America","Tablet","8.99",1,"Debit Card",1,"0.08","Drama"
"c51b4715-3ce4-49e7-9102-508107212399",66,"Female","Premium","2.29",52,"Europe","Desktop","17.99",1,"Crypto",2,"0.04","Romance"
"2430b31a-ab1d-4aeb-9d8f-5b5bb2427ff5",60,"Female","Premium","2.09",14,"North America","Laptop","17.99",1,"Gift Card",2,"0.14","Comedy"
"f7f78b0a-14a9-43c0-8ab4-dbae4364badc",22,"Male","Premium","1.78",17,"Africa","Desktop","17.99",1,"Gift Card",4,"0.1","Documentary"
"b0d6c364-2083-42c5-9c6f-92fb5a21a71a",20,"Other","Premium","2.86",34,"Africa","Laptop","17.99",1,"Credit Card",3,"0.08","Romance"
"7bb98f8f-da88-4641-9a18-990f20e1ec42",35,"Male","Standard","1.91",38,"Asia","Desktop","13.99",1,"Debit Card",2,"0.05","Drama"
"4cac4adf-90cb-4cce-a753-7aee0a1c21ae",27,"Male","Premium","2.83",37,"Oceania","Tablet","17.99",1,"Gift Card",2,"0.07","Action"
"ed8ebb86-abad-4cd8-b5b9-c5a6fb6abac7",22,"Other","Standard","0.72",49,"Africa","Desktop","13.99",1,"Gift Card",5,"0.01","Horror"
"c8cfc65c-6035-46d5-8c9c-d7bb68bf9f20",27,"Other","Premium","1.44",48,"Asia","Laptop","17.99",1,"Credit Card",1,"0.03","Sci-Fi"
"9836211a-c1be-4ccd-b56c-fe50e8f975fd",18,"Male","Standard","3.57",50,"Africa","Desktop","13.99",1,"Debit Card",4,"0.07","Horror"
"625dc945-cbd7-42b5-9199-2f64f2abd664",41,"Other","Standard","3.59",41,"Africa","Laptop","13.99",1,"Gift Card",5,"0.09","Comedy"
"f6652572-c33f-4cf6-ba8e-db6ce43bf4b9",56,"Other","Premium","3.41",53,"Asia","Tablet","17.99",1,"PayPal",4,"0.06","Horror"
"7370e647-9b05-42bd-8ede-b893eebcbafc",35,"Other","Basic","0.87",58,"North America","Tablet","8.99",1,"Debit Card",5,"0.01","Action"
"60d0282f-3849-479f-a487-9a3b59e0c727",53,"Male","Premium","1.83",15,"North America","Tablet","17.99",1,"PayPal",3,"0.11","Drama"
"2452bd61-488e-4fa5-a947-3329c9d4aac3",31,"Male","Premium","2.62",34,"Oceania","Desktop","17.99",1,"Crypto",4,"0.07","Comedy"
"5df7e878-2b99-4215-813e-76ddff65867e",19,"Female","Standard","2.38",19,"Europe","Desktop","13.99",1,"Crypto",3,"0.12","Action"
"7e3de2a4-1eda-4822-9414-edf630b56ca0",63,"Male","Standard","3.82",31,"Oceania","Tablet","13.99",1,"PayPal",4,"0.12","Action"
"ed914a01-62e5-4b18-b4ad-1e9a28c3a68c",50,"Other","Basic","2.85",22,"Europe","Desktop","8.99",1,"Debit Card",1,"0.12","Drama"
"6d6a8d7b-f943-4279-ba4f-f2fcc8df2fc0",30,"Male","Basic","1.07",35,"Oceania","Tablet","8.99",1,"Credit Card",3,"0.03","Horror"
"82dee3af-9f17-421c-8d3e-2177420183e1",56,"Other","Premium","2.04",27,"Oceania","TV","17.99",1,"Debit Card",1,"0.07","Romance"
"7cd4a8f6-a14a-4c46-9c67-d52b2279855e",41,"Other","Basic","2.09",52,"Asia","Laptop","8.99",1,"Crypto",3,"0.04","Comedy"
"4c80103d-ac0a-4e95-a494-7ba0f6388867",49,"Female","Basic","1.58",29,"North America","Tablet","8.99",1,"Credit Card",4,"0.05","Comedy"
"0b97eae3-769e-4f45-bdc7-47173286870f",39,"Male","Premium","4.22",33,"Asia","Desktop","17.99",1,"PayPal",2,"0.12","Drama"
"97b3ebca-2895-42c0-8c95-d75f212b5efa",34,"Other","Basic","4.43",33,"Oceania","Laptop","8.99",1,"Gift Card",2,"0.13","Romance"
"bc0deac4-46d4-46a3-aa7f-7e4f7d0cd88c",53,"Female","Standard","3.47",38,"Asia","Mobile","13.99",1,"Crypto",1,"0.09","Horror"
"4aaa4b30-0995-42b2-86f8-acd420bd1f27",65,"Other","Standard","3.26",41,"Asia","Desktop","13.99",1,"PayPal",5,"0.08","Action"
"934908b3-41b9-4415-bbad-0f3032a18506",52,"Other","Basic","2.11",46,"Asia","Mobile","8.99",1,"PayPal",5,"0.04","Action"
"b2161461-eb4c-4473-a193-e167ba3c784c",56,"Other","Basic","2.19",35,"Asia","Laptop","8.99",1,"Credit Card",5,"0.06","Documentary"
"0a762b77-7701-436c-a5e6-2b4a2cff7d03",53,"Male","Premium","2.27",38,"North America","Tablet","17.99",1,"Crypto",4,"0.06","Drama"
"ffdf0f37-5ab0-4b5d-b33d-1a4a11e02c70",70,"Male","Basic","1.69",23,"Oceania","Tablet","8.99",1,"Crypto",3,"0.07","Sci-Fi"
"d4b6b1c5-e809-4a36-9126-c485c93c2099",32,"Male","Premium","0.53",23,"North America","Mobile","17.99",1,"Crypto",3,"0.02","Action"
"b794556e-1123-4c20-bc98-4ad400d68f76",35,"Female","Standard","2.19",57,"Oceania","Tablet","13.99",1,"Gift Card",2,"0.04","Comedy"
"abcdc4df-ade6-4dc0-a29f-26751510f091",26,"Other","Standard","4.42",55,"Asia","Laptop","13.99",1,"PayPal",4,"0.08","Horror"
"92a658bc-f2c1-4f19-ba0a-5f8627195a23",38,"Female","Standard","3.79",32,"Africa","Tablet","13.99",1,"Crypto",3,"0.11","Drama"
"9176aa47-8f35-4b61-aa0c-7f5e82ef4315",31,"Female","Basic","0.42",43,"Oceania","Tablet","8.99",1,"Credit Card",3,"0.01","Documentary"
"a74837e1-dc9c-4feb-a9f4-4091b15d15ea",43,"Male","Premium","0.05",33,"Europe","Tablet","17.99",1,"Debit Card",4,"0","Sci-Fi"
"13169809-d529-496b-a4f8-1d470a744300",22,"Other","Standard","2.12",58,"Europe","Mobile","13.99",1,"Gift Card",1,"0.04","Action"
"d5dbc55b-8ef1-4988-a9b0-c45505ca2431",28,"Other","Basic","4.82",31,"North America","Desktop","8.99",1,"Crypto",5,"0.15","Drama"
"a2a1697f-7d68-4c9a-bd9f-82c6958a0222",40,"Female","Premium","2.66",52,"South America","Laptop","17.99",1,"PayPal",1,"0.05","Romance"
"938b3e5a-2269-45d3-9a05-b04df79d7719",22,"Other","Premium","2.15",30,"South America","Tablet","17.99",1,"Debit Card",3,"0.07","Drama"
"7ae851ab-037f-41f3-b58a-a54190149ed0",24,"Female","Basic","0.19",49,"Oceania","Tablet","8.99",1,"Crypto",3,"0","Romance"
"692b797c-2e2c-4907-a81a-24f394f25810",30,"Female","Basic","4.21",13,"Oceania","Desktop","8.99",1,"Debit Card",4,"0.3","Drama"
"0ac9f17d-3658-4d74-9054-0f96a5460c54",51,"Male","Premium","3.41",46,"Asia","Desktop","17.99",1,"Gift Card",2,"0.07","Comedy"
"d11573bf-f68b-4134-89ff-659630bb63f3",60,"Other","Premium","2.56",22,"Asia","Mobile","17.99",1,"Crypto",2,"0.11","Sci-Fi"
"aeca46b3-2f4a-4f8a-941a-bcc7c536f372",40,"Other","Premium","2.28",37,"Africa","Laptop","17.99",1,"Gift Card",2,"0.06","Action"
"f4eaec8d-554b-40c5-9761-c74633a253b5",19,"Female","Premium","0.6",26,"Oceania","Mobile","17.99",1,"Gift Card",1,"0.02","Sci-Fi"
"610d956e-f1f5-4b11-9d7c-441a37b21a17",55,"Male","Standard","1.88",44,"Europe","Tablet","13.99",1,"PayPal",4,"0.04","Action"
"f0c87ced-93a5-4494-a348-fcfcecb24541",19,"Male","Premium","0.36",28,"Oceania","Desktop","17.99",1,"Credit Card",1,"0.01","Comedy"
"39218d93-3485-4f1a-b7db-f501deb29f04",56,"Other","Standard","3.62",22,"Asia","TV","13.99",1,"Crypto",1,"0.16","Horror"
"d763fc11-4943-4f8b-80c2-4de5ba439245",34,"Female","Premium","1.67",29,"Africa","Tablet","17.99",1,"Credit Card",1,"0.06","Comedy"
"d9930885-add6-474c-91bd-a2f9d0d2629d",31,"Female","Premium","0.57",60,"Oceania","Mobile","17.99",1,"Crypto",3,"0.01","Action"
"bf9a7e56-2737-4931-a68d-e0b9696b65d7",29,"Male","Standard","4.09",59,"Europe","TV","13.99",1,"Credit Card",2,"0.07","Sci-Fi"
"ee612990-fd6f-4b96-95c5-4c3d64a961a7",64,"Male","Basic","1.84",30,"Oceania","Tablet","8.99",1,"Credit Card",4,"0.06","Sci-Fi"
"70ef21fb-2720-408f-8d98-7070d307971b",57,"Other","Standard","2.93",35,"South America","Laptop","13.99",1,"PayPal",5,"0.08","Drama"
"44e03489-87f8-4024-8ad0-24eb139168fe",27,"Male","Basic","3.36",22,"Asia","Mobile","8.99",1,"PayPal",3,"0.15","Romance"
"5d4f942c-5e0c-4e72-b7e5-c03cc4dc020c",33,"Other","Basic","4.44",28,"Asia","Mobile","8.99",1,"Crypto",1,"0.15","Horror"
"c38f1921-4fc2-4350-a1e1-c0aaeedf1654",45,"Male","Basic","0.29",45,"Oceania","Tablet","8.99",1,"Debit Card",2,"0.01","Documentary"
"c8363c4a-8478-4498-b1fb-f6c33222e11d",18,"Female","Basic","1.97",46,"South America","TV","8.99",1,"Crypto",2,"0.04","Action"
"8ba829fb-fe7c-47f4-89db-241934a74db6",61,"Female","Standard","2.54",49,"South America","TV","13.99",1,"Gift Card",3,"0.05","Drama"
"ad7ef66f-b1ff-4e88-a13a-3a031501a8cb",20,"Male","Basic","3.38",34,"Europe","TV","8.99",1,"Credit Card",5,"0.1","Romance"
"12ddaf98-d735-4343-954a-5269936b4d85",49,"Other","Basic","1.17",46,"South America","Laptop","8.99",1,"Debit Card",1,"0.02","Romance"
"28028f3f-af46-4e13-b3cd-d32ab1279c48",40,"Male","Basic","4.92",30,"North America","Tablet","8.99",1,"Credit Card",5,"0.16","Documentary"
"ab76d3cc-b330-42c9-ad6b-28b5e707a64d",63,"Male","Basic","2.24",27,"Africa","Mobile","8.99",1,"Credit Card",4,"0.08","Drama"
"1adad285-b2b1-4090-84b5-21d9aa4d1922",30,"Other","Premium","4.45",43,"Europe","Mobile","17.99",1,"Gift Card",4,"0.1","Action"
"c32bafe7-6744-4901-bf9a-fa83bda82088",39,"Other","Standard","0.75",27,"Africa","Laptop","13.99",1,"Crypto",4,"0.03","Romance"
"3cd1c05f-5575-4a10-ac1f-b67337a7acaf",19,"Female","Premium","4.73",41,"Asia","Tablet","17.99",1,"Crypto",2,"0.11","Drama"
"c1d1ae44-0bc9-49ee-b2ae-e2d6fb2bf599",58,"Female","Standard","2.51",31,"North America","Desktop","13.99",1,"PayPal",5,"0.08","Drama"
"7c1dfa22-78a1-4be1-a9c9-929801f14b1c",47,"Other","Standard","1.59",34,"Oceania","Mobile","13.99",1,"Gift Card",1,"0.05","Comedy"
"958219d9-6c45-4863-ae79-e0580f7936a0",52,"Other","Premium","1.42",45,"North America","Tablet","17.99",1,"PayPal",5,"0.03","Horror"
"cdcea36d-e4be-42ff-8df1-f792147643fc",53,"Other","Standard","3.68",55,"Oceania","Tablet","13.99",1,"PayPal",1,"0.07","Documentary"
"f10cd6c5-f3ec-43e7-a296-ccfa7f15942e",46,"Male","Basic","1.6",31,"North America","Desktop","8.99",1,"Crypto",3,"0.05","Drama"
"8b321e79-2eea-4412-8d82-1d3178d5bf05",36,"Male","Basic","0.38",44,"Oceania","Laptop","8.99",1,"Crypto",2,"0.01","Comedy"
"783256b2-4209-4768-8239-6c32fd358074",26,"Male","Basic","2.18",37,"Europe","Mobile","8.99",1,"PayPal",5,"0.06","Comedy"
"1b8d684d-619c-41b0-9e21-ae96bf84dcf7",24,"Other","Standard","0.72",56,"South America","TV","13.99",1,"Crypto",2,"0.01","Romance"
"8f4a47f4-7b2a-4afc-b520-7b99b5ab2b37",64,"Male","Premium","2.66",57,"North America","Desktop","17.99",1,"Credit Card",2,"0.05","Romance"
"96ff8ebe-a6e9-4cdc-ba8f-cd8ab503887e",41,"Female","Standard","4.13",26,"Asia","TV","13.99",1,"PayPal",3,"0.15","Horror"
"458dc247-15ed-4e76-aa27-d2f194e47d2a",30,"Female","Basic","1.6",56,"Europe","Desktop","8.99",1,"Debit Card",2,"0.03","Horror"
"c889501d-97d7-4383-9fcf-9c87840e4a43",35,"Female","Basic","1.1",25,"North America","Laptop","8.99",1,"PayPal",2,"0.04","Horror"
"74e8480b-6d93-4e54-8298-026036832022",35,"Female","Basic","1.1",35,"Africa","TV","8.99",1,"PayPal",2,"0.03","Sci-Fi"
"ca75f885-2393-40f3-bd87-28f761ef8487",22,"Female","Basic","0.68",21,"Oceania","TV","8.99",1,"Debit Card",1,"0.03","Action"
"984019b7-1f52-407c-a36f-8288f6a141a0",33,"Male","Premium","0.69",13,"Asia","Tablet","17.99",1,"Crypto",4,"0.05","Documentary"
"9731c4f5-6e17-4efb-8757-47e7b6491b02",58,"Other","Standard","1.32",29,"Oceania","Mobile","13.99",1,"PayPal",2,"0.04","Documentary"
"bf7c20e7-a641-4744-b5f5-77726be8761b",24,"Other","Basic","2.59",24,"North America","Mobile","8.99",1,"Gift Card",3,"0.1","Horror"
"615bf370-1547-4522-bd9a-095ea804c262",26,"Male","Premium","1.87",26,"South America","TV","17.99",1,"Crypto",3,"0.07","Comedy"
"ca30626a-76d6-4200-a884-9883377bfbc5",45,"Female","Premium","1.85",23,"Asia","TV","17.99",1,"Crypto",5,"0.08","Sci-Fi"
"411b6bce-947c-4e94-a92c-f9709d42f9ea",22,"Female","Standard","3.05",48,"South America","Desktop","13.99",1,"Crypto",4,"0.06","Documentary"
"df086863-9f4b-48ba-968b-0286614e5bd5",66,"Male","Standard","1.65",44,"Africa","TV","13.99",1,"PayPal",2,"0.04","Romance"
"1b5a59a3-7bd7-460a-8978-0a0d192fe774",68,"Other","Premium","1.23",12,"Asia","Mobile","17.99",1,"Crypto",5,"0.09","Horror"
"7a5a1c2d-4ddf-4ced-8b06-9fe87d4e0d77",46,"Female","Standard","4.76",43,"Europe","Desktop","13.99",1,"PayPal",5,"0.11","Romance"
"eb1715dc-8db7-4781-a6fd-027e5f6bb5ac",20,"Other","Premium","1.78",34,"Asia","Desktop","17.99",1,"Credit Card",5,"0.05","Action"
"3589dd2e-c79a-4239-99fb-f35c8b19f77c",31,"Male","Basic","1.61",41,"North America","Tablet","8.99",1,"Gift Card",2,"0.04","Sci-Fi"
"47610273-6edd-4a7b-a38e-8299b453981e",53,"Female","Standard","2.34",46,"Asia","Desktop","13.99",1,"PayPal",1,"0.05","Romance"
"a03ee82d-6ef9-4c38-976a-d121e6b7dea0",29,"Male","Basic","3.75",49,"South America","Tablet","8.99",1,"Crypto",1,"0.07","Romance"
"da9c8b84-7d45-457f-9038-dfe4a87751a1",54,"Male","Basic","1.29",49,"Europe","Laptop","8.99",1,"Credit Card",4,"0.03","Sci-Fi"
"1e2cf6c0-3fb4-49d5-8aeb-af2a4c886d64",59,"Male","Standard","4.14",55,"South America","Desktop","13.99",1,"Crypto",5,"0.07","Horror"
"b8004935-690f-401b-b365-33b40b1d5d4e",18,"Male","Premium","2.53",38,"Asia","Mobile","17.99",1,"Debit Card",3,"0.06","Sci-Fi"
"023674fd-9b81-45e5-8f9d-f8733d7d65d8",47,"Other","Standard","2.92",56,"South America","Mobile","13.99",1,"Debit Card",5,"0.05","Drama"
"bfc31455-3690-4b1c-8b1d-7c920788dacd",64,"Male","Premium","3.74",32,"North America","Tablet","17.99",1,"PayPal",3,"0.11","Drama"
"6d10f486-9b5f-4cd3-b85b-fc27a5a5595d",69,"Other","Basic","2.16",57,"Europe","Tablet","8.99",1,"Crypto",2,"0.04","Action"
"d1be299e-4ffd-47bf-9976-93a9c9456ba0",46,"Other","Basic","2.04",26,"North America","Mobile","8.99",1,"Gift Card",4,"0.08","Action"
"2f01c18c-8ac5-4b63-873e-fe10605673e3",55,"Other","Premium","2.69",37,"Africa","TV","17.99",1,"Debit Card",2,"0.07","Sci-Fi"
"612e9485-7864-4dcb-83be-bc58c403719e",68,"Male","Standard","0.88",32,"Europe","Laptop","13.99",1,"Credit Card",3,"0.03","Documentary"
"3a68905f-037f-48eb-97b0-7e8c5a6f9c5a",36,"Male","Premium","3.28",15,"South America","Tablet","17.99",1,"PayPal",3,"0.2","Horror"
"1e0c89ad-a44c-479e-b2b5-eb8e35cc0f41",30,"Female","Basic","2.99",51,"Europe","Laptop","8.99",1,"Credit Card",4,"0.06","Horror"
"31832db0-5f36-4c75-9226-07c279e0f707",35,"Other","Premium","1.45",12,"Africa","Laptop","17.99",1,"Credit Card",2,"0.11","Documentary"
"d25fa337-92ae-40f9-a2ab-8c6bc5cdf6ae",40,"Other","Premium","2.78",12,"North America","Laptop","17.99",1,"PayPal",2,"0.21","Drama"
"ca46ce36-fc9e-44f2-8389-482a3140e392",47,"Other","Standard","3.3",51,"Europe","Tablet","13.99",1,"Debit Card",5,"0.06","Horror"
"62b61c40-b80a-416a-9ccb-fe3c9e6d0a06",25,"Other","Standard","1.7",21,"Oceania","TV","13.99",1,"PayPal",3,"0.08","Drama"
"4115cbbb-3de8-46ef-a43f-b338d350ad79",64,"Other","Basic","0.95",50,"Africa","Tablet","8.99",1,"Credit Card",2,"0.02","Action"
"5381612f-764a-40ee-9b78-d63104e51f5f",47,"Other","Premium","3.3",24,"North America","Desktop","17.99",1,"Crypto",4,"0.13","Action"
"3988c64c-4754-489c-bf86-146be943c7b8",25,"Other","Basic","2.2",55,"North America","Tablet","8.99",1,"Gift Card",4,"0.04","Romance"
"3a1bf4c6-39ee-430e-bdf0-74fd5f9615c2",20,"Other","Standard","2",24,"Europe","Tablet","13.99",1,"Credit Card",2,"0.08","Action"
"ee78b050-dae3-4b93-ba7c-cc046f2e7003",23,"Female","Basic","3.03",45,"Africa","Laptop","8.99",1,"Debit Card",3,"0.07","Drama"
"a58a4b83-c549-420b-acf2-e746ed63477a",19,"Other","Premium","3.81",45,"Oceania","TV","17.99",1,"Debit Card",3,"0.08","Documentary"
"622065af-078b-407b-ac57-754272d9b7df",47,"Female","Standard","1.23",54,"Asia","TV","13.99",1,"Crypto",1,"0.02","Documentary"
"5c3ffb03-1eb8-4441-853f-e6aca2fdbc2b",44,"Male","Basic","4.99",57,"Europe","Laptop","8.99",1,"Credit Card",3,"0.09","Drama"
"c836e596-7e8e-4be9-8413-4d75f8151709",35,"Male","Standard","1.75",41,"Europe","TV","13.99",1,"PayPal",1,"0.04","Romance"
"5913a03e-ba87-408c-b4fd-b0713609ab9f",18,"Other","Premium","4.12",47,"Europe","Mobile","17.99",1,"Debit Card",3,"0.09","Romance"
"03d585d7-1c33-4d36-a7b1-f75db2ebff42",31,"Other","Standard","0.68",58,"South America","TV","13.99",1,"Gift Card",5,"0.01","Drama"
"fff878e7-afef-4b0f-9934-6f5b2819e20d",58,"Female","Basic","3.41",34,"Oceania","Tablet","8.99",1,"Gift Card",2,"0.1","Sci-Fi"
"887801e2-9db1-4956-a541-c39601fb5c06",21,"Other","Basic","0.54",36,"Asia","TV","8.99",1,"Credit Card",2,"0.01","Sci-Fi"
"88ff87a0-d3a1-4609-9960-d505e81d2507",34,"Other","Standard","1.34",28,"Africa","Desktop","13.99",1,"Crypto",3,"0.05","Documentary"
"5a10ba14-49e9-4305-84c4-39690a5750e2",43,"Other","Standard","2.08",45,"Asia","TV","13.99",1,"Debit Card",3,"0.05","Action"
"ea772153-fc26-4ae7-9a01-f0c441d77bac",61,"Female","Standard","4.19",30,"South America","TV","13.99",1,"Crypto",2,"0.14","Comedy"
"41c3b640-f804-4274-8b9b-10c9ad380348",56,"Female","Standard","3.8",26,"Africa","Desktop","13.99",1,"Credit Card",2,"0.14","Romance"
"6f8f6066-8b9d-4d86-9706-fd94c6d87f8c",38,"Female","Basic","0.32",16,"South America","Tablet","8.99",1,"Debit Card",3,"0.02","Comedy"
"0ef46415-fdcc-428b-8f0d-068a9412db6a",44,"Female","Basic","1.03",15,"Asia","Tablet","8.99",1,"Gift Card",3,"0.06","Drama"
"d8a1b0e1-30c5-404c-aaef-ee2f91090379",33,"Other","Premium","3.8",38,"Oceania","Mobile","17.99",1,"Crypto",2,"0.1","Sci-Fi"
"e160466a-f14f-4ad4-b190-ab9ffd5c2a27",67,"Other","Basic","4.62",33,"North America","Mobile","8.99",1,"Crypto",5,"0.14","Horror"
"c8c6df6c-920d-4f3c-80b1-8607d13c62dd",67,"Male","Standard","0.08",20,"North America","Mobile","13.99",1,"Gift Card",2,"0","Drama"
"f812b295-fffc-4248-9068-a94a1f30bba7",70,"Female","Standard","3.06",57,"North America","TV","13.99",1,"Credit Card",4,"0.05","Comedy"
"a885f06b-975d-4dc1-b097-fbeeb8a5ae05",47,"Male","Basic","3.92",40,"Oceania","Tablet","8.99",1,"PayPal",5,"0.1","Drama"
"7d760c06-d947-48e0-8db5-f5329387d1ef",66,"Other","Premium","1.02",15,"Europe","Mobile","17.99",1,"Gift Card",5,"0.06","Comedy"
"bd92a3f0-63ff-4e60-8ebd-7789d7318af9",70,"Other","Standard","4.66",43,"North America","TV","13.99",1,"Debit Card",2,"0.11","Horror"
"8974f6aa-5a7b-4cef-9f38-b56ac2869ef4",30,"Female","Standard","4.72",14,"Africa","TV","13.99",1,"Credit Card",3,"0.31","Horror"
"ed0d8d2e-659d-4a88-ba88-b42846c0e9c8",41,"Female","Standard","3.35",57,"Oceania","Tablet","13.99",1,"Crypto",3,"0.06","Horror"
"ac363bfb-8031-4077-a271-465e28b18e97",47,"Male","Premium","0.64",43,"Africa","Desktop","17.99",1,"Crypto",2,"0.01","Romance"
"fddebef1-3eb1-4164-b39e-58708ccec633",42,"Other","Basic","3.47",36,"South America","Tablet","8.99",1,"Credit Card",5,"0.09","Documentary"
"2dae5422-290c-43f5-86a0-1b32d4ac035b",69,"Other","Premium","3.05",57,"Europe","TV","17.99",1,"PayPal",4,"0.05","Comedy"
"aac86e6a-dd8e-4a52-9ab0-b6f14fd2911f",52,"Other","Basic","0.4",54,"Europe","Desktop","8.99",1,"Debit Card",1,"0.01","Romance"
"ce4f1f9b-06d3-4ed6-a75c-bc1d13e5cbec",62,"Other","Basic","0.98",36,"Europe","Desktop","8.99",1,"Gift Card",4,"0.03","Comedy"
"6e006abe-2672-4309-9303-6ca60ffd2e60",56,"Female","Basic","2.98",37,"South America","Desktop","8.99",1,"Gift Card",4,"0.08","Sci-Fi"
"ab212213-fe29-41ff-9baf-98537678d60c",25,"Male","Basic","4.02",19,"Europe","Laptop","8.99",1,"Gift Card",3,"0.2","Horror"
"49fa3709-598c-42ec-9f7f-3fe2952a7a9d",27,"Female","Standard","1.04",54,"South America","Tablet","13.99",1,"Crypto",3,"0.02","Romance"
"95718011-6fd5-45fc-a8f1-4edcd8cadcbf",64,"Female","Basic","2.11",31,"Africa","Tablet","8.99",1,"Debit Card",4,"0.07","Documentary"
"26b02b3c-52b1-4c5e-b5d7-62e599a4e310",65,"Male","Basic","4.85",45,"Africa","Laptop","8.99",1,"Crypto",4,"0.11","Romance"
"dfd041ff-d855-4c8e-81c1-57155d28c48f",54,"Male","Premium","2.1",50,"Oceania","Tablet","17.99",1,"Gift Card",1,"0.04","Horror"
"a8df1927-7706-42ec-9dd9-99d18857cb02",53,"Female","Premium","4.37",48,"Europe","Tablet","17.99",1,"PayPal",3,"0.09","Comedy"
"e2204612-d947-4f10-8e02-a7e9aa6e4ee8",58,"Other","Basic","1.03",50,"Africa","Mobile","8.99",1,"Credit Card",4,"0.02","Drama"
"19841454-1c0f-4a76-bc4a-223be392e712",33,"Male","Standard","2.53",30,"Asia","TV","13.99",1,"Debit Card",3,"0.08","Comedy"
"18c7ffea-f407-4e12-a8ca-f4cf9bb2e4ab",26,"Male","Standard","2.87",50,"Africa","Desktop","13.99",1,"PayPal",3,"0.06","Drama"
"5caa5ca3-c54d-4b59-838f-e008e0cdc129",41,"Other","Premium","2.49",26,"Europe","TV","17.99",1,"Crypto",2,"0.09","Action"
"3cf735c4-c340-44e5-9fe5-b5aee7b4d3d9",42,"Other","Basic","0.33",43,"Oceania","TV","8.99",1,"Gift Card",2,"0.01","Documentary"
"82f9b433-0df6-4474-97b9-c478f3d5d7c8",24,"Other","Basic","2.42",24,"Africa","Tablet","8.99",1,"PayPal",3,"0.1","Horror"
"3bc53390-2e23-40a3-9ebd-f4eeb7367575",52,"Male","Basic","2.61",51,"North America","Desktop","8.99",1,"Crypto",5,"0.05","Horror"
"1b68c20d-bee2-4f66-8701-67809addd9aa",25,"Female","Basic","0.05",52,"Africa","Tablet","8.99",1,"Debit Card",1,"0","Action"
"2dd53c77-3646-42b0-825e-69f598e0dc00",64,"Female","Basic","1.74",20,"Europe","Laptop","8.99",1,"Debit Card",5,"0.08","Action"
"c090572e-263a-422d-9829-d167bf0e98fa",59,"Other","Basic","1.36",57,"North America","Tablet","8.99",1,"Gift Card",1,"0.02","Sci-Fi"
"aca733c9-cee7-40e5-acc5-0c0627834828",27,"Female","Standard","3.46",42,"Europe","Laptop","13.99",1,"Gift Card",5,"0.08","Comedy"
"12a181f8-58ca-45ab-968b-af28ef28b37b",45,"Male","Premium","0.45",44,"Asia","Mobile","17.99",1,"Debit Card",3,"0.01","Comedy"
"ee8b1fc7-9123-4e95-9df9-8bcb4c58bbb8",53,"Female","Premium","3.41",50,"Oceania","Laptop","17.99",1,"Debit Card",1,"0.07","Romance"
"177ad6c2-46ed-4fbb-a3f8-1dc137c45417",36,"Other","Basic","1.11",39,"Oceania","TV","8.99",1,"Credit Card",1,"0.03","Documentary"
"e0f75dc5-79d3-466c-af2c-6cddc2518204",51,"Other","Standard","0.73",46,"North America","Laptop","13.99",1,"Crypto",5,"0.02","Documentary"
"5f35fd9b-f8b6-4c0c-8ee5-824cec062f5a",28,"Other","Premium","0.77",21,"North America","Mobile","17.99",1,"Crypto",2,"0.04","Action"
"2eb65cb4-3e68-4e6a-abb5-fb5988bcd903",31,"Female","Premium","4.03",24,"Oceania","Mobile","17.99",1,"Gift Card",5,"0.16","Drama"
"e4dd7619-90ac-4b86-944a-f37209896674",25,"Female","Premium","0.82",22,"Oceania","Tablet","17.99",1,"Crypto",1,"0.04","Romance"
"4b4467e7-7863-4358-8c3e-2b5f347a1dfc",36,"Female","Standard","3.16",23,"Oceania","Tablet","13.99",1,"Crypto",5,"0.13","Comedy"
"7608719d-77c5-43c9-88fd-918eaaf748ba",18,"Female","Basic","0.75",11,"Africa","Laptop","8.99",1,"Crypto",5,"0.06","Romance"
"921baddb-222c-49fe-94f2-cc54858a5de8",37,"Male","Standard","3.72",31,"Africa","Mobile","13.99",1,"Debit Card",2,"0.12","Romance"
"893fda9f-2a90-4011-ae1f-9e5ba9cf7d6c",34,"Other","Premium","1.94",39,"South America","TV","17.99",1,"Gift Card",5,"0.05","Drama"
"dbb8c947-e4f5-46a0-b002-a03a0e6d5ea4",36,"Female","Premium","1.46",60,"Europe","Desktop","17.99",1,"Gift Card",5,"0.02","Sci-Fi"
"c8e2f96a-60f2-42b0-86f4-b7f16868f196",51,"Other","Basic","2.29",51,"North America","Laptop","8.99",1,"Credit Card",3,"0.04","Sci-Fi"
"d32c1ecf-9553-4e07-b563-9e800c42efe4",51,"Other","Standard","3.38",40,"Asia","Desktop","13.99",1,"Gift Card",3,"0.08","Sci-Fi"
"9904ca50-a24a-42c6-b4b0-5459488f77d9",39,"Female","Premium","1.86",55,"Oceania","Laptop","17.99",1,"Debit Card",3,"0.03","Documentary"
"2200c15c-d6fe-4aa0-879c-9e929c7aeb08",47,"Male","Premium","3.78",56,"Oceania","Laptop","17.99",1,"Debit Card",3,"0.07","Documentary"
"ae62aa52-5971-4017-a0d9-f7968e105e3a",20,"Male","Basic","2.16",28,"Europe","Desktop","8.99",1,"Credit Card",1,"0.07","Documentary"
"155fbfe6-62e7-4937-aecd-8b8c14595c20",48,"Male","Basic","0.91",38,"South America","Tablet","8.99",1,"Debit Card",4,"0.02","Romance"
"ff19f85a-c162-45d2-969d-836e7b33e80f",70,"Other","Premium","4.55",22,"Oceania","Mobile","17.99",1,"Debit Card",1,"0.2","Sci-Fi"
"c5d86549-b3f3-4afe-9bf3-b1b47a6bf584",41,"Other","Standard","1.2",49,"Africa","Laptop","13.99",1,"Credit Card",4,"0.02","Romance"
"e5c7d145-545a-4927-b751-7c4159ab7b84",22,"Male","Basic","3.76",59,"Europe","TV","8.99",1,"PayPal",3,"0.06","Documentary"
"25aa1d59-9191-4128-91d6-87f8209a8712",24,"Other","Basic","2.28",43,"North America","Mobile","8.99",1,"Gift Card",5,"0.05","Drama"
"d58ddc1e-1bdf-440a-8c6b-309077fc3f17",51,"Male","Basic","1.56",55,"North America","Mobile","8.99",1,"Crypto",3,"0.03","Action"
"2198e57e-f273-418b-9841-2728c362b67c",24,"Male","Basic","1.59",42,"Asia","Mobile","8.99",1,"Gift Card",5,"0.04","Action"
"ce3c7cbb-b993-4916-a81d-4e4ac032a5c9",65,"Male","Basic","2.96",33,"Africa","Mobile","8.99",1,"PayPal",1,"0.09","Sci-Fi"
"a1d6a50d-973f-4e43-a3c0-ce5acf4b09ec",33,"Female","Basic","3.05",28,"Africa","Laptop","8.99",1,"PayPal",5,"0.11","Romance"
"468c7547-f285-47e1-8fa8-d836ba848846",26,"Male","Basic","1.54",20,"North America","Tablet","8.99",1,"PayPal",4,"0.07","Horror"
"3e4d0c22-74cd-4be3-b03c-2342026e82bb",46,"Female","Standard","4.56",14,"South America","Laptop","13.99",1,"Gift Card",2,"0.3","Horror"
"880a72cd-79fd-44fd-806f-b9bdcedd04f4",63,"Male","Standard","3.98",20,"Europe","Laptop","13.99",1,"Crypto",3,"0.19","Horror"
"cbeb85c5-9480-4ea2-b6ab-8518eece6961",54,"Other","Premium","0.48",59,"Asia","Desktop","17.99",1,"Crypto",4,"0.01","Romance"
"1141bdf2-a5e8-4026-9422-d4844620fe61",40,"Male","Basic","0.28",37,"South America","Desktop","8.99",1,"Gift Card",2,"0.01","Romance"
"e5187426-4fcb-4133-8191-022dbde6aee2",42,"Male","Premium","1.87",20,"Africa","Mobile","17.99",1,"Debit Card",3,"0.09","Drama"
"6836917d-1c7f-4651-861b-1c4ebbeb6020",66,"Female","Basic","2.61",44,"Oceania","TV","8.99",1,"Credit Card",1,"0.06","Action"
"bb98f21e-15a6-459f-9739-d007cae5734e",69,"Male","Standard","3.46",60,"North America","Desktop","13.99",1,"Crypto",5,"0.06","Action"
"19352d22-01bc-4e16-b5b7-cb2fe248f5b7",43,"Other","Basic","0.37",16,"Africa","TV","8.99",1,"Debit Card",5,"0.02","Documentary"
"334fbf6b-0681-49de-ae3a-c08da907fda0",18,"Female","Basic","3.19",16,"North America","Laptop","8.99",1,"Gift Card",4,"0.19","Action"
"c85a5890-a887-41bf-b866-5cd201747ede",28,"Female","Premium","4.14",37,"South America","Tablet","17.99",1,"Gift Card",2,"0.11","Documentary"
"6a061a82-97b7-4d14-b9ae-e7df764684b1",62,"Other","Premium","4.03",50,"Europe","Mobile","17.99",1,"Gift Card",4,"0.08","Horror"
"b5e00f1f-9d09-4429-889f-ade90e1b3cee",51,"Other","Premium","1.67",28,"Africa","Tablet","17.99",1,"Crypto",4,"0.06","Action"
"94226c99-e3c6-44a8-b8df-d66080b5bf30",64,"Other","Standard","3.68",55,"South America","Mobile","13.99",1,"Crypto",5,"0.07","Comedy"
"a7723da8-3f8e-49df-b973-d9959d8bf844",50,"Other","Premium","0.73",24,"North America","Tablet","17.99",1,"Crypto",2,"0.03","Action"
"5649fe75-6de9-4ecc-86f6-712fdfe3848a",63,"Other","Basic","2.37",28,"South America","Laptop","8.99",1,"Debit Card",5,"0.08","Comedy"
"cb536c36-8a1e-41b7-ac20-43f09a4cedbd",28,"Other","Basic","0.79",40,"Asia","Laptop","8.99",1,"Gift Card",1,"0.02","Action"
"e623d359-0278-4bfc-82c3-86892eed77a3",18,"Male","Standard","3.49",54,"Oceania","Laptop","13.99",1,"Crypto",3,"0.06","Sci-Fi"
"bc11510c-f213-4766-a2c6-904ce8c1512e",63,"Male","Basic","1.3",20,"Africa","Laptop","8.99",1,"Crypto",5,"0.06","Horror"
"16bcce49-e615-4ebb-80e6-bcad0eb613c9",51,"Other","Standard","1.1",29,"South America","Tablet","13.99",1,"Gift Card",3,"0.04","Documentary"
"d95789b7-7e89-4e4c-aa62-f881fff47dd1",49,"Female","Premium","3.03",39,"Africa","TV","17.99",1,"Debit Card",2,"0.08","Horror"
"97d0f609-4ed9-4c1b-bcfb-443ffb41e275",29,"Other","Standard","3.2",54,"Asia","Laptop","13.99",1,"Gift Card",2,"0.06","Documentary"
"a5b6b29e-7a7e-4f62-9eea-b64ff3861d78",25,"Other","Premium","2.9",29,"North America","Tablet","17.99",1,"Credit Card",2,"0.1","Sci-Fi"
"05c4636f-6e42-4460-9449-9667b4ce9fbd",25,"Female","Basic","0.17",58,"Africa","Tablet","8.99",1,"PayPal",4,"0","Documentary"
"cce5be2a-9112-4447-93af-db8dd2263ed1",50,"Male","Basic","0.3",43,"Africa","Laptop","8.99",1,"Gift Card",3,"0.01","Sci-Fi"
"3d1d4b0b-7556-4ab7-8a9f-f47e37c61ac1",64,"Female","Standard","3.38",38,"North America","Laptop","13.99",1,"PayPal",2,"0.09","Romance"
"b6f391a5-6046-41cd-bd2a-bb08cba87ade",35,"Other","Basic","2.55",26,"Oceania","Tablet","8.99",1,"Gift Card",2,"0.09","Action"
"cb43f579-8d20-441e-9de6-2680dee7b966",62,"Male","Standard","3.95",54,"Oceania","TV","13.99",1,"Debit Card",4,"0.07","Drama"
"60e6c533-6c9c-4ca6-a917-a27cbe86aa1d",30,"Male","Standard","3.18",27,"Oceania","Desktop","13.99",1,"Credit Card",1,"0.11","Comedy"
"6c6e1e7a-2ba2-4934-bd13-d2ce7afe9b7c",55,"Male","Premium","1.08",46,"Europe","Tablet","17.99",1,"Gift Card",3,"0.02","Action"
"22f87c88-86f3-412d-8fa6-2c15ed0b6573",29,"Female","Basic","4.84",49,"North America","Desktop","8.99",1,"Crypto",3,"0.1","Romance"
"8e403409-9787-47c1-bf20-402eff1b5288",58,"Female","Premium","0.14",54,"Asia","Laptop","17.99",1,"Debit Card",3,"0","Horror"
"2f8b0059-b300-4da0-bacc-749ab45c3722",44,"Male","Basic","2.84",12,"Oceania","Tablet","8.99",1,"Debit Card",2,"0.22","Horror"
"b6342efb-3668-4707-9bcd-ae6ba9180b54",57,"Male","Basic","4.76",58,"Africa","Tablet","8.99",1,"Credit Card",1,"0.08","Action"
"15af8821-bdd5-4c9b-8aff-88435d9efaae",44,"Male","Standard","4.2",39,"Asia","Laptop","13.99",1,"PayPal",3,"0.11","Action"
"ef23baaf-4a7b-41d2-903f-4f772ab31c26",22,"Other","Basic","0.91",39,"South America","Tablet","8.99",1,"Crypto",1,"0.02","Drama"
"a0fc6f9f-8c84-43ef-9dcd-2d0cab4faaf2",33,"Male","Basic","3.15",42,"North America","Mobile","8.99",1,"Crypto",1,"0.07","Drama"
"6de03854-44a1-40e2-94b7-5fd20db6a39d",19,"Female","Standard","0.82",39,"South America","Tablet","13.99",1,"Debit Card",5,"0.02","Drama"
"14ee7859-5504-41ac-aac7-9bc5d66a0bb9",40,"Male","Standard","4.87",19,"Europe","Mobile","13.99",1,"Debit Card",1,"0.24","Drama"
"25cc756b-6f70-4855-9d3f-36af6724cec5",31,"Female","Premium","2.2",43,"Europe","Desktop","17.99",1,"Debit Card",5,"0.05","Drama"
"6bb1aca9-0bb6-4a2c-a5ea-b04faf91ec09",38,"Female","Basic","2.7",49,"North America","Mobile","8.99",1,"Debit Card",1,"0.05","Documentary"
"e821aafd-dfc3-4ffb-9129-3741f65aef17",32,"Other","Standard","3.37",19,"Europe","Desktop","13.99",1,"Crypto",1,"0.17","Action"
"0b945a37-fe3d-48f3-8bd9-0ce0d58c74de",62,"Male","Basic","1.71",13,"Oceania","Laptop","8.99",1,"PayPal",4,"0.12","Drama"
"6fda8923-b925-4e65-97e4-ed9481d66b44",69,"Female","Standard","2.48",55,"South America","Laptop","13.99",1,"Gift Card",1,"0.04","Romance"
"ed57e399-b34c-447e-ab12-d72946d0fc73",60,"Other","Premium","2",32,"North America","Mobile","17.99",1,"Credit Card",5,"0.06","Documentary"
"2b46513e-8412-4b99-91aa-d614206322d1",41,"Female","Premium","0.57",52,"North America","Mobile","17.99",1,"PayPal",4,"0.01","Documentary"
"eaf657b9-53f1-4b33-9521-61b096e9666b",59,"Female","Standard","4.17",57,"Asia","Tablet","13.99",1,"PayPal",4,"0.07","Horror"
"4b19503c-673b-4073-bdc1-f672de41d568",48,"Other","Premium","1.54",22,"Asia","Laptop","17.99",1,"Crypto",5,"0.07","Sci-Fi"
"2ea80c34-962f-4983-a53a-f5781331d132",46,"Other","Basic","4.11",16,"South America","Tablet","8.99",1,"Credit Card",4,"0.24","Action"
"19da3460-ef3d-4094-aa3f-f168246b42a2",57,"Other","Standard","4.81",21,"Asia","Desktop","13.99",1,"Debit Card",2,"0.22","Horror"
"10ee957b-891f-4fee-8861-eb84aeec2de1",67,"Other","Standard","1.93",48,"Asia","Mobile","13.99",1,"Debit Card",5,"0.04","Horror"
"10e961c3-40de-45cb-bcf5-76836ec603d7",61,"Male","Premium","1.63",36,"Africa","Mobile","17.99",1,"Crypto",5,"0.04","Drama"
"032719c1-eafd-4963-9362-778c661ad881",65,"Female","Basic","0.24",28,"Asia","Tablet","8.99",1,"PayPal",5,"0.01","Sci-Fi"
"af17ffdc-f27a-4159-9c8d-addd1bfb0979",67,"Other","Standard","2.79",53,"Europe","Laptop","13.99",1,"PayPal",4,"0.05","Documentary"
"f229d011-40b4-4e21-ac8e-394de1b4d6bc",37,"Male","Standard","1.33",60,"Europe","Desktop","13.99",1,"Gift Card",5,"0.02","Comedy"
"5de098c2-fa28-45bf-ae9f-f31dbaa387c0",29,"Other","Premium","4.46",42,"Asia","Tablet","17.99",1,"PayPal",4,"0.1","Comedy"
"d7f54be2-58dd-46b8-b43b-4ff590876743",34,"Other","Premium","2.94",39,"North America","Desktop","17.99",1,"Crypto",1,"0.07","Documentary"
"938fec83-206c-4bb3-8ae6-7aa0bd8e7683",45,"Other","Premium","2.59",56,"Europe","Tablet","17.99",1,"PayPal",3,"0.05","Drama"
"ece05305-60ed-4148-b003-3d3fde5ac23b",46,"Other","Standard","1.22",59,"North America","Desktop","13.99",1,"Debit Card",3,"0.02","Horror"
"7dae5dd3-9815-4ae0-a868-c1d08eb7ec3f",50,"Male","Basic","4.3",54,"North America","Tablet","8.99",1,"PayPal",5,"0.08","Action"
"018fad5a-7be7-48ad-993f-68fe75ed0b9b",31,"Male","Standard","2.2",29,"Asia","TV","13.99",1,"PayPal",1,"0.07","Comedy"
"5f0a5e42-5c88-417a-b627-1f3057237d04",31,"Female","Standard","2.02",39,"Europe","Mobile","13.99",1,"Credit Card",4,"0.05","Comedy"
"2a93d86f-7768-4c2d-93f0-82a7356ef894",32,"Other","Standard","1.43",19,"Oceania","Laptop","13.99",1,"Gift Card",2,"0.07","Documentary"
"44e5fbde-b513-4d69-accb-f083a5863d89",46,"Female","Basic","4.84",27,"Africa","Desktop","8.99",1,"PayPal",2,"0.17","Romance"
"079d22b5-cb52-4784-862a-93eb40a6fc9d",62,"Male","Basic","3.31",21,"Africa","TV","8.99",1,"Gift Card",3,"0.15","Action"
"fb137217-22e7-4472-9f24-c3e1982c0bbd",46,"Male","Standard","2.98",51,"South America","Laptop","13.99",1,"Credit Card",1,"0.06","Action"
"44c431b4-0f1a-4403-b701-98ab0f23f260",70,"Other","Standard","4.75",54,"Europe","Mobile","13.99",1,"Gift Card",3,"0.09","Romance"
"e51e6d48-d863-4799-9f3d-75b6980b5d3e",36,"Male","Premium","2.13",54,"Oceania","Laptop","17.99",1,"Debit Card",3,"0.04","Drama"
"cee2b2d5-7bd7-46de-8d55-36b262b78b70",53,"Male","Basic","2.42",11,"Africa","Desktop","8.99",1,"Gift Card",5,"0.2","Action"
"16a200cb-3249-413a-977d-6ad61271b74f",50,"Female","Basic","2.84",36,"Asia","Desktop","8.99",1,"Gift Card",3,"0.08","Comedy"
"c56d6009-0b18-47d0-a605-99c63f1cf8c3",67,"Male","Standard","0.44",27,"South America","Tablet","13.99",1,"Credit Card",3,"0.02","Action"
"6fb66bbb-0951-4845-a4cd-3ce9151ab345",58,"Other","Standard","0.73",14,"Europe","Mobile","13.99",1,"Gift Card",3,"0.05","Action"
"ca15d77a-57d5-44c3-bcb3-a0c4d1abbbdd",21,"Other","Basic","2.73",48,"Asia","TV","8.99",1,"PayPal",5,"0.06","Drama"
"c06f7f28-0fde-4b15-819b-ec1061932a50",19,"Other","Basic","1.23",47,"Asia","Mobile","8.99",1,"Debit Card",4,"0.03","Sci-Fi"
"c064e06e-7e55-493f-817f-ca67c074b251",20,"Other","Basic","0.37",27,"Africa","Desktop","8.99",1,"PayPal",1,"0.01","Drama"
"e4cedabe-2ad7-4c28-ad24-34ad6ac0a7db",46,"Male","Standard","0.89",35,"Oceania","Tablet","13.99",1,"Gift Card",1,"0.02","Drama"
"c154deff-4e9e-4fe4-9d67-f48908ff54d9",40,"Female","Basic","3.95",34,"Oceania","Tablet","8.99",1,"Debit Card",4,"0.11","Comedy"
"b3df269b-9a99-4b0d-b72a-309d9eb0fdff",40,"Male","Standard","1.53",23,"Africa","Laptop","13.99",1,"Credit Card",1,"0.06","Drama"
"e06fb7ea-7713-4fac-a996-c7ea9349c0f1",38,"Male","Premium","4.88",12,"North America","Laptop","17.99",1,"Gift Card",1,"0.38","Romance"
"8c3c1be4-1e6e-44d8-8c71-d45fd198b10a",70,"Other","Standard","1.42",17,"South America","Laptop","13.99",1,"Debit Card",2,"0.08","Comedy"
"8f7170b0-9f51-4774-88cc-a5881e14d60d",25,"Male","Standard","3.84",45,"Africa","Mobile","13.99",1,"Debit Card",5,"0.08","Drama"
"602855b3-cd60-4b34-9201-1dfb89a22d88",49,"Other","Basic","3.16",31,"Asia","Desktop","8.99",1,"Gift Card",5,"0.1","Action"
"05e332ce-23b3-4687-90ae-3a9a515490ff",39,"Other","Premium","0.33",29,"Africa","Laptop","17.99",1,"Credit Card",2,"0.01","Documentary"
"4a384e91-f1c0-47f5-a245-485175a01a96",21,"Male","Standard","0.19",59,"North America","Mobile","13.99",1,"Debit Card",3,"0","Romance"
"0687c494-6a02-4c35-9ed5-4932776b9162",49,"Other","Premium","0.21",26,"Oceania","TV","17.99",1,"Debit Card",3,"0.01","Documentary"
"22bb275c-104e-497a-b1eb-227b79c9a40b",22,"Female","Basic","4.4",34,"Europe","TV","8.99",1,"Crypto",5,"0.13","Action"
"32eb81b5-af6f-44d3-bc33-4de00ebe132d",42,"Female","Standard","4.37",18,"Africa","Laptop","13.99",1,"Crypto",5,"0.23","Horror"
"79b9c555-5d7f-401d-8ac8-a13fb0c5c1cf",51,"Female","Standard","4.35",44,"Oceania","Laptop","13.99",1,"Gift Card",1,"0.1","Sci-Fi"
"557d44b5-24ef-4176-a0bc-33f51ec3c62a",59,"Male","Standard","4.41",35,"Europe","TV","13.99",1,"Crypto",3,"0.12","Romance"
"6119cd5f-25ae-468c-a4c8-0e86ce0da93f",20,"Female","Premium","4.18",36,"North America","Tablet","17.99",1,"Debit Card",3,"0.11","Documentary"
"a92b4d05-6e6e-435e-b8ab-ed160c1a0671",22,"Male","Premium","0.77",29,"North America","Desktop","17.99",1,"Debit Card",1,"0.03","Horror"
"1d3013fb-2d20-4f30-b937-1df99dafb903",49,"Other","Basic","0.59",45,"Europe","TV","8.99",1,"Gift Card",2,"0.01","Sci-Fi"
"e832c2fc-cd6b-419d-8c4c-e3c2a995c0da",38,"Male","Premium","0.47",48,"South America","Desktop","17.99",1,"PayPal",3,"0.01","Horror"
"d4d09568-7425-484c-876a-0d23fbd58db7",23,"Other","Premium","0.24",23,"Asia","Mobile","17.99",1,"PayPal",2,"0.01","Horror"
"43fb462c-015a-4412-ab1e-61798120a503",61,"Female","Premium","0.78",33,"North America","TV","17.99",1,"PayPal",5,"0.02","Sci-Fi"
"b7b3766d-a554-4590-930c-4fac22ad5609",65,"Female","Basic","1.64",43,"Africa","Tablet","8.99",1,"Gift Card",1,"0.04","Comedy"
"682fdf52-1ebf-4d53-a4b0-141a586bd183",39,"Female","Basic","2.44",43,"Africa","Tablet","8.99",1,"Credit Card",5,"0.06","Documentary"
"7e3cf4e1-5524-4c58-9e6f-181025287358",33,"Other","Premium","1.97",60,"Europe","Laptop","17.99",1,"Debit Card",2,"0.03","Sci-Fi"
"7dc4b049-4b46-484c-8424-bdcc319c961a",54,"Male","Basic","2.41",18,"Asia","Desktop","8.99",1,"Credit Card",2,"0.13","Action"
"c9fe7a97-ae87-4846-99cc-dffc804d029e",49,"Other","Standard","2.33",41,"Oceania","Desktop","13.99",1,"Crypto",4,"0.06","Action"
"5561ccd8-e146-49f5-8565-f3592b99c120",57,"Male","Standard","1.24",37,"Europe","Desktop","13.99",1,"Gift Card",2,"0.03","Drama"
"702ab0a5-683f-47fa-b391-95acd2d54a89",51,"Other","Basic","0.3",58,"Asia","TV","8.99",1,"Crypto",2,"0.01","Horror"
"0f1b36d1-4484-445c-b533-065818d12a59",19,"Male","Premium","3.28",30,"South America","Tablet","17.99",1,"Crypto",5,"0.11","Drama"
"a954f81c-754f-4b5b-bf48-510a882ae1e6",66,"Female","Basic","0.74",27,"Oceania","Mobile","8.99",1,"Crypto",3,"0.03","Action"
"4213e867-3c80-4fd0-b3c6-e2541d2c96ed",58,"Female","Premium","2.91",17,"Asia","Tablet","17.99",1,"Crypto",1,"0.16","Comedy"
"faaf8bca-8e08-486c-8968-51c445f22219",66,"Other","Premium","0.15",44,"South America","Tablet","17.99",1,"Credit Card",1,"0","Comedy"
"1abb50cc-2669-4928-88c7-d4ab9d4c4481",57,"Other","Basic","4.59",54,"Africa","TV","8.99",1,"PayPal",4,"0.08","Documentary"
"ca2c759f-eb04-494f-8fc1-cd125bf44244",42,"Female","Premium","2.22",40,"Europe","Laptop","17.99",1,"Credit Card",1,"0.05","Comedy"
"731179a6-acc0-4d35-8dff-4ab8a6a427d0",23,"Male","Premium","4.93",38,"Africa","Desktop","17.99",1,"Debit Card",4,"0.13","Action"
"a2405e26-4977-4666-96f0-555b63ef33f5",20,"Female","Standard","2.43",48,"South America","Mobile","13.99",1,"Debit Card",4,"0.05","Sci-Fi"
"3585efe7-1d69-4db5-ac08-839a0e8df609",56,"Female","Basic","2.86",58,"Asia","TV","8.99",1,"Crypto",3,"0.05","Romance"
"9fd6430d-c973-4120-8dc5-d4f4bd8b2973",61,"Male","Standard","2.19",48,"Africa","Laptop","13.99",1,"PayPal",3,"0.04","Documentary"
"535accfb-6771-4dc9-98aa-94a627c9d53a",50,"Male","Basic","4.46",31,"South America","Laptop","8.99",1,"Crypto",5,"0.14","Documentary"
"bb281009-8f9e-4de8-a2be-18ead738858e",40,"Male","Standard","1.11",20,"Europe","Tablet","13.99",1,"PayPal",1,"0.05","Horror"
"5e0c466c-778c-4fc4-959f-c9c585c28e03",62,"Female","Standard","1.12",42,"Asia","TV","13.99",1,"Credit Card",1,"0.03","Sci-Fi"
"c97606a8-478f-4114-aca0-fa17084ef4b3",51,"Female","Premium","2.62",37,"North America","TV","17.99",1,"Crypto",2,"0.07","Horror"
"15dd5aab-02a9-4353-b946-129f72a1560b",63,"Other","Standard","1.97",21,"Asia","Mobile","13.99",1,"Crypto",2,"0.09","Documentary"
"067df9b8-5818-4c62-b69c-7d52b011a2ee",35,"Other","Premium","2.41",49,"South America","Mobile","17.99",1,"Credit Card",2,"0.05","Horror"
"e096d116-d8cc-473d-aca9-e8f785e96471",59,"Other","Basic","2.58",54,"Oceania","Laptop","8.99",1,"Credit Card",4,"0.05","Romance"
"30c6845d-fcd3-4100-be4a-6939a129e80d",28,"Other","Basic","1.58",27,"North America","Laptop","8.99",1,"Credit Card",5,"0.06","Romance"
"110faa05-b3a5-4946-93c0-4d7e014cf3d4",23,"Other","Premium","4.59",35,"North America","Laptop","17.99",1,"Crypto",5,"0.13","Horror"
"8a651951-8fd2-431e-968d-ed0041ad09cd",37,"Other","Premium","3.58",33,"South America","TV","17.99",1,"Crypto",5,"0.11","Sci-Fi"
"25786b48-b57f-43d4-8a62-b852aa91d6eb",40,"Male","Standard","3.58",21,"Africa","TV","13.99",1,"Credit Card",3,"0.16","Drama"
"485e76bb-675c-4eb5-b1e2-82a4934adc5f",28,"Female","Basic","2.47",37,"North America","Desktop","8.99",1,"PayPal",1,"0.07","Drama"
"001b5926-1113-493d-80a4-f09012f2f43b",24,"Female","Basic","2.3",37,"Oceania","Mobile","8.99",1,"Gift Card",4,"0.06","Romance"
"4bac5430-7ecd-45e2-99ba-f2c89c88edce",19,"Male","Standard","4.71",17,"Oceania","Desktop","13.99",1,"Debit Card",2,"0.26","Documentary"
"f6b290df-1d8b-42d8-9aac-5b19f94e441f",69,"Female","Standard","2.78",28,"Africa","Tablet","13.99",1,"Crypto",5,"0.1","Sci-Fi"
"f67de85d-948d-472f-ac82-35eeddb732b1",46,"Female","Premium","4.65",11,"Africa","Laptop","17.99",1,"Debit Card",2,"0.39","Horror"
"df29e495-0935-4eb2-8330-15d416f94131",30,"Other","Standard","3.79",20,"Africa","Desktop","13.99",1,"Crypto",5,"0.18","Drama"
"0c77bb21-f163-4c27-b2d7-cd3691c0d932",60,"Female","Basic","3.49",22,"Asia","Mobile","8.99",1,"Crypto",2,"0.15","Horror"
"c069c37d-b02d-4509-b039-bf16d73d22fb",18,"Male","Standard","0.64",18,"Asia","TV","13.99",1,"Crypto",2,"0.03","Horror"
"3710e889-665a-4e74-82b4-84338bbd4ec5",59,"Male","Standard","1.65",53,"Africa","Desktop","13.99",1,"Debit Card",1,"0.03","Action"
"54f85781-8e1c-4902-864e-01c6f423bb3c",49,"Female","Basic","1.73",28,"North America","Mobile","8.99",1,"Credit Card",4,"0.06","Drama"
"5f1e4fd7-5fd5-4d17-9506-07d94708a5a6",70,"Other","Basic","1.33",54,"Oceania","TV","8.99",1,"Crypto",5,"0.02","Romance"
"1a613704-dbee-4a93-b9d1-7949da2b1aab",59,"Male","Standard","0.98",19,"Europe","Mobile","13.99",1,"Gift Card",4,"0.05","Horror"
"8965ad72-c8b5-478a-879e-8136cdd2b134",46,"Other","Premium","4.14",42,"South America","Desktop","17.99",1,"Credit Card",5,"0.1","Drama"
"c0f1eefc-9a25-44f6-bf4b-85d606fd6b15",28,"Female","Standard","0.34",38,"North America","Tablet","13.99",1,"Gift Card",4,"0.01","Horror"
"e4995385-d038-45d3-8363-db73a27d7469",19,"Male","Standard","3.45",18,"Africa","Tablet","13.99",1,"Credit Card",3,"0.18","Romance"
"5a416884-375a-4442-b7c6-b480321dd6fd",57,"Male","Standard","3.64",36,"South America","Laptop","13.99",1,"Crypto",5,"0.1","Comedy"
"b35d25da-2139-4003-95ae-4692112104fc",20,"Other","Standard","0.75",53,"Asia","Tablet","13.99",1,"PayPal",3,"0.01","Action"
"edb9036d-95f9-4998-9910-78ba85869dbd",57,"Male","Standard","2.09",13,"Asia","TV","13.99",1,"Crypto",3,"0.15","Romance"
"f915a366-31c7-4a9e-9042-ca526c771219",23,"Other","Standard","3.1",12,"Europe","Laptop","13.99",1,"Crypto",5,"0.24","Comedy"
"82aeef39-ddb0-40ad-bae1-5c436e0cf042",57,"Male","Basic","1.62",17,"Africa","Mobile","8.99",1,"Crypto",2,"0.09","Action"
